ngay,so_gio_mua,luong_mua_mm,khung_gio_mua,nguon
2020-01-01,0,0,,ecmwf_ifs
2020-01-02,0,0,,ecmwf_ifs
2020-01-03,0,0,,ecmwf_ifs
2020-01-04,0,0,,ecmwf_ifs
2020-01-05,0,0,,ecmwf_ifs
2020-01-06,1,0.2,08:00-09:00,ecmwf_ifs
2020-01-07,0,0,,ecmwf_ifs
2020-01-08,0,0,,ecmwf_ifs
2020-01-09,0,0,,ecmwf_ifs
2020-01-10,0,0,,ecmwf_ifs
2020-01-11,4,3.8,14:00-18:00,ecmwf_ifs
2020-01-12,0,0,,ecmwf_ifs
2020-01-13,0,0,,ecmwf_ifs
2020-01-14,0,0,,ecmwf_ifs
2020-01-15,0,0,,ecmwf_ifs
2020-01-16,0,0,,ecmwf_ifs
2020-01-17,0,0,,ecmwf_ifs
2020-01-18,0,0,,ecmwf_ifs
2020-01-19,0,0,,ecmwf_ifs
2020-01-20,0,0,,ecmwf_ifs
2020-01-21,0,0,,ecmwf_ifs
2020-01-22,0,0,,ecmwf_ifs
2020-01-23,0,0,,ecmwf_ifs
2020-01-24,0,0,,ecmwf_ifs
2020-01-25,0,0,,ecmwf_ifs
2020-01-26,0,0,,ecmwf_ifs
2020-01-27,7,0.7,00:00-06:00; 07:00-08:00,ecmwf_ifs
2020-01-28,0,0,,ecmwf_ifs
2020-01-29,3,0.6,16:00-19:00,ecmwf_ifs
2020-01-30,0,0,,ecmwf_ifs
2020-01-31,1,0.1,14:00-15:00,ecmwf_ifs
2020-02-01,0,0,,ecmwf_ifs
2020-02-02,0,0,,ecmwf_ifs
2020-02-03,0,0,,ecmwf_ifs
2020-02-04,0,0,,ecmwf_ifs
2020-02-05,0,0,,ecmwf_ifs
2020-02-06,0,0,,ecmwf_ifs
2020-02-07,0,0,,ecmwf_ifs
2020-02-08,0,0,,ecmwf_ifs
2020-02-09,6,4.6,11:00-17:00,ecmwf_ifs
2020-02-10,0,0,,ecmwf_ifs
2020-02-11,0,0,,ecmwf_ifs
2020-02-12,4,1.1,11:00-15:00,ecmwf_ifs
2020-02-13,1,0.1,15:00-16:00,ecmwf_ifs
2020-02-14,8,2.5,08:00-16:00,ecmwf_ifs
2020-02-15,2,0.2,14:00-16:00,ecmwf_ifs
2020-02-16,7,2.3,12:00-19:00,ecmwf_ifs
2020-02-17,2,0.2,11:00-13:00,ecmwf_ifs
2020-02-18,0,0,,ecmwf_ifs
2020-02-19,0,0,,ecmwf_ifs
2020-02-20,0,0,,ecmwf_ifs
2020-02-21,0,0,,ecmwf_ifs
2020-02-22,0,0,,ecmwf_ifs
2020-02-23,0,0,,ecmwf_ifs
2020-02-24,0,0,,ecmwf_ifs
2020-02-25,0,0,,ecmwf_ifs
2020-02-26,0,0,,ecmwf_ifs
2020-02-27,0,0,,ecmwf_ifs
2020-02-28,0,0,,ecmwf_ifs
2020-02-29,0,0,,ecmwf_ifs
2020-03-01,2,0.4,12:00-14:00,ecmwf_ifs
2020-03-02,0,0,,ecmwf_ifs
2020-03-03,2,0.2,13:00-15:00,ecmwf_ifs
2020-03-04,0,0,,ecmwf_ifs
2020-03-05,3,0.8,14:00-17:00,ecmwf_ifs
2020-03-06,5,0.9,13:00-15:00; 16:00-19:00,ecmwf_ifs
2020-03-07,5,2.6,12:00-17:00,ecmwf_ifs
2020-03-08,6,3.3,11:00-17:00,ecmwf_ifs
2020-03-09,8,1.5,09:00-17:00,ecmwf_ifs
2020-03-10,9,1.4,09:00-18:00,ecmwf_ifs
2020-03-11,0,0,,ecmwf_ifs
2020-03-12,0,0,,ecmwf_ifs
2020-03-13,0,0,,ecmwf_ifs
2020-03-14,0,0,,ecmwf_ifs
2020-03-15,0,0,,ecmwf_ifs
2020-03-16,0,0,,ecmwf_ifs
2020-03-17,0,0,,ecmwf_ifs
2020-03-18,0,0,,ecmwf_ifs
2020-03-19,0,0,,ecmwf_ifs
2020-03-20,0,0,,ecmwf_ifs
2020-03-21,0,0,,ecmwf_ifs
2020-03-22,3,0.4,14:00-17:00,ecmwf_ifs
2020-03-23,3,0.7,13:00-16:00,ecmwf_ifs
2020-03-24,0,0,,ecmwf_ifs
2020-03-25,0,0,,ecmwf_ifs
2020-03-26,6,0.9,11:00-17:00,ecmwf_ifs
2020-03-27,6,1.6,10:00-16:00,ecmwf_ifs
2020-03-28,9,3,09:00-17:00; 18:00-19:00,ecmwf_ifs
2020-03-29,2,0.3,14:00-16:00,ecmwf_ifs
2020-03-30,6,1.5,12:00-18:00,ecmwf_ifs
2020-03-31,3,1.4,14:00-17:00,ecmwf_ifs
2020-04-01,1,0.1,13:00-14:00,ecmwf_ifs
2020-04-02,0,0,,ecmwf_ifs
2020-04-03,0,0,,ecmwf_ifs
2020-04-04,0,0,,ecmwf_ifs
2020-04-05,0,0,,ecmwf_ifs
2020-04-06,3,0.4,14:00-17:00,ecmwf_ifs
2020-04-07,8,2.2,09:00-16:00; 17:00-18:00,ecmwf_ifs
2020-04-08,7,27.3,10:00-17:00,ecmwf_ifs
2020-04-09,7,10.6,10:00-17:00,ecmwf_ifs
2020-04-10,9,10.5,08:00-17:00,ecmwf_ifs
2020-04-11,8,9.4,09:00-17:00,ecmwf_ifs
2020-04-12,6,36.1,09:00-15:00,ecmwf_ifs
2020-04-13,6,2.1,10:00-16:00,ecmwf_ifs
2020-04-14,4,1.4,12:00-16:00,ecmwf_ifs
2020-04-15,2,0.2,13:00-15:00,ecmwf_ifs
2020-04-16,2,0.3,15:00-17:00,ecmwf_ifs
2020-04-17,7,1.5,11:00-18:00,ecmwf_ifs
2020-04-18,4,0.6,12:00-16:00,ecmwf_ifs
2020-04-19,4,1.1,12:00-16:00,ecmwf_ifs
2020-04-20,0,0,,ecmwf_ifs
2020-04-21,0,0,,ecmwf_ifs
2020-04-22,0,0,,ecmwf_ifs
2020-04-23,0,0,,ecmwf_ifs
2020-04-24,7,0.8,08:00-15:00,ecmwf_ifs
2020-04-25,0,0,,ecmwf_ifs
2020-04-26,4,0.9,12:00-16:00,ecmwf_ifs
2020-04-27,0,0,,ecmwf_ifs
2020-04-28,0,0,,ecmwf_ifs
2020-04-29,0,0,,ecmwf_ifs
2020-04-30,0,0,,ecmwf_ifs
2020-05-01,0,0,,ecmwf_ifs
2020-05-02,3,0.5,00:00-01:00; 14:00-16:00,ecmwf_ifs
2020-05-03,2,0.7,14:00-16:00,ecmwf_ifs
2020-05-04,0,0,,ecmwf_ifs
2020-05-05,4,0.7,11:00-15:00,ecmwf_ifs
2020-05-06,4,1.2,13:00-17:00,ecmwf_ifs
2020-05-07,3,0.3,14:00-17:00,ecmwf_ifs
2020-05-08,6,2,10:00-16:00,ecmwf_ifs
2020-05-09,8,1.2,07:00-08:00; 09:00-10:00; 11:00-17:00,ecmwf_ifs
2020-05-10,0,0,,ecmwf_ifs
2020-05-11,0,0,,ecmwf_ifs
2020-05-12,7,4.7,09:00-16:00,ecmwf_ifs
2020-05-13,0,0,,ecmwf_ifs
2020-05-14,4,1.2,11:00-15:00,ecmwf_ifs
2020-05-15,4,0.8,11:00-14:00; 16:00-17:00,ecmwf_ifs
2020-05-16,9,4.2,14:00-18:00; 19:00-24:00,ecmwf_ifs
2020-05-17,5,29.7,00:00-05:00,ecmwf_ifs
2020-05-18,7,4.7,10:00-11:00; 12:00-18:00,ecmwf_ifs
2020-05-19,8,11.7,10:00-16:00; 20:00-22:00,ecmwf_ifs
2020-05-20,9,4.6,08:00-09:00; 10:00-16:00; 17:00-19:00,ecmwf_ifs
2020-05-21,4,1,13:00-17:00,ecmwf_ifs
2020-05-22,9,1.7,08:00-12:00; 13:00-18:00,ecmwf_ifs
2020-05-23,9,25.1,07:00-16:00,ecmwf_ifs
2020-05-24,11,3.5,09:00-17:00; 19:00-22:00,ecmwf_ifs
2020-05-25,10,13.2,10:00-20:00,ecmwf_ifs
2020-05-26,5,3.9,12:00-13:00; 14:00-18:00,ecmwf_ifs
2020-05-27,6,6.9,10:00-16:00,ecmwf_ifs
2020-05-28,10,5.8,09:00-19:00,ecmwf_ifs
2020-05-29,10,12.9,09:00-19:00,ecmwf_ifs
2020-05-30,7,9.2,10:00-17:00,ecmwf_ifs
2020-05-31,5,5.4,12:00-17:00,ecmwf_ifs
2020-06-01,15,19.4,09:00-24:00,ecmwf_ifs
2020-06-02,10,4.1,10:00-18:00; 19:00-21:00,ecmwf_ifs
2020-06-03,9,6.5,09:00-17:00; 19:00-20:00,ecmwf_ifs
2020-06-04,7,3,10:00-16:00; 17:00-18:00,ecmwf_ifs
2020-06-05,7,2.9,10:00-17:00,ecmwf_ifs
2020-06-06,7,6.1,11:00-16:00; 17:00-19:00,ecmwf_ifs
2020-06-07,10,1.7,10:00-17:00; 18:00-21:00,ecmwf_ifs
2020-06-08,8,2.5,09:00-17:00,ecmwf_ifs
2020-06-09,10,2.6,08:00-18:00,ecmwf_ifs
2020-06-10,7,2.6,11:00-18:00,ecmwf_ifs
2020-06-11,9,23.3,09:00-18:00,ecmwf_ifs
2020-06-12,15,53.2,07:00-22:00,ecmwf_ifs
2020-06-13,12,12.9,08:00-17:00; 19:00-22:00,ecmwf_ifs
2020-06-14,15,15.8,09:00-24:00,ecmwf_ifs
2020-06-15,9,1.9,00:00-01:00; 10:00-18:00,ecmwf_ifs
2020-06-16,10,2.7,11:00-21:00,ecmwf_ifs
2020-06-17,15,15.5,08:00-18:00; 19:00-24:00,ecmwf_ifs
2020-06-18,12,9.7,07:00-19:00,ecmwf_ifs
2020-06-19,13,2.8,08:00-18:00; 20:00-23:00,ecmwf_ifs
2020-06-20,14,12,05:00-07:00; 09:00-21:00,ecmwf_ifs
2020-06-21,7,6,13:00-20:00,ecmwf_ifs
2020-06-22,8,4.8,10:00-18:00,ecmwf_ifs
2020-06-23,8,4.2,10:00-18:00,ecmwf_ifs
2020-06-24,8,4.2,09:00-16:00; 19:00-20:00,ecmwf_ifs
2020-06-25,11,4.6,09:00-20:00,ecmwf_ifs
2020-06-26,7,21.6,11:00-18:00,ecmwf_ifs
2020-06-27,9,2.7,10:00-17:00; 21:00-23:00,ecmwf_ifs
2020-06-28,17,15.2,07:00-24:00,ecmwf_ifs
2020-06-29,18,3.6,00:00-08:00; 10:00-12:00; 15:00-18:00; 19:00-24:00,ecmwf_ifs
2020-06-30,18,7.8,00:00-01:00; 02:00-06:00; 09:00-17:00; 19:00-24:00,ecmwf_ifs
2020-07-01,17,9.4,00:00-12:00; 13:00-18:00,ecmwf_ifs
2020-07-02,9,3.5,09:00-18:00,ecmwf_ifs
2020-07-03,19,9.2,04:00-23:00,ecmwf_ifs
2020-07-04,15,32.2,09:00-24:00,ecmwf_ifs
2020-07-05,9,18.5,10:00-19:00,ecmwf_ifs
2020-07-06,10,4.4,09:00-19:00,ecmwf_ifs
2020-07-07,9,8.2,09:00-18:00,ecmwf_ifs
2020-07-08,2,0.2,14:00-16:00,ecmwf_ifs
2020-07-09,8,17.9,11:00-17:00; 19:00-21:00,ecmwf_ifs
2020-07-10,10,6,08:00-09:00; 10:00-19:00,ecmwf_ifs
2020-07-11,8,5.2,09:00-16:00; 18:00-19:00,ecmwf_ifs
2020-07-12,9,6,09:00-17:00; 18:00-19:00,ecmwf_ifs
2020-07-13,9,14.7,08:00-17:00,ecmwf_ifs
2020-07-14,9,27.5,08:00-17:00,ecmwf_ifs
2020-07-15,6,4.3,11:00-16:00; 19:00-20:00,ecmwf_ifs
2020-07-16,7,1.9,11:00-18:00,ecmwf_ifs
2020-07-17,10,12.4,10:00-17:00; 19:00-21:00; 22:00-23:00,ecmwf_ifs
2020-07-18,10,4.5,11:00-19:00; 20:00-22:00,ecmwf_ifs
2020-07-19,6,8.5,12:00-18:00,ecmwf_ifs
2020-07-20,10,2.5,09:00-19:00,ecmwf_ifs
2020-07-21,5,5.1,09:00-14:00,ecmwf_ifs
2020-07-22,9,1.5,09:00-18:00,ecmwf_ifs
2020-07-23,13,15.1,10:00-18:00; 19:00-24:00,ecmwf_ifs
2020-07-24,10,3.6,01:00-06:00; 10:00-13:00; 17:00-19:00,ecmwf_ifs
2020-07-25,8,3.2,10:00-18:00,ecmwf_ifs
2020-07-26,16,49.4,07:00-18:00; 19:00-24:00,ecmwf_ifs
2020-07-27,14,9.3,00:00-02:00; 07:00-19:00,ecmwf_ifs
2020-07-28,11,17.5,10:00-21:00,ecmwf_ifs
2020-07-29,9,23.4,10:00-19:00,ecmwf_ifs
2020-07-30,7,3.4,10:00-17:00,ecmwf_ifs
2020-07-31,23,15,01:00-24:00,ecmwf_ifs
2020-08-01,24,29.1,00:00-24:00,ecmwf_ifs
2020-08-02,24,17.6,00:00-24:00,ecmwf_ifs
2020-08-03,22,8.7,00:00-19:00; 21:00-24:00,ecmwf_ifs
2020-08-04,18,2.2,00:00-12:00; 13:00-19:00,ecmwf_ifs
2020-08-05,14,9.2,08:00-22:00,ecmwf_ifs
2020-08-06,13,19.9,08:00-21:00,ecmwf_ifs
2020-08-07,15,6.5,01:00-08:00; 11:00-19:00,ecmwf_ifs
2020-08-08,15,8.5,08:00-18:00; 19:00-24:00,ecmwf_ifs
2020-08-09,16,5.6,00:00-01:00; 02:00-07:00; 10:00-18:00; 22:00-24:00,ecmwf_ifs
2020-08-10,18,3.4,00:00-18:00,ecmwf_ifs
2020-08-11,6,1.2,11:00-17:00,ecmwf_ifs
2020-08-12,17,30.9,05:00-17:00; 18:00-23:00,ecmwf_ifs
2020-08-13,11,4.9,07:00-16:00; 19:00-21:00,ecmwf_ifs
2020-08-14,10,2.8,00:00-01:00; 10:00-19:00,ecmwf_ifs
2020-08-15,6,5.3,10:00-16:00,ecmwf_ifs
2020-08-16,12,20.4,12:00-24:00,ecmwf_ifs
2020-08-17,12,6.8,00:00-02:00; 09:00-19:00,ecmwf_ifs
2020-08-18,12,25.3,09:00-21:00,ecmwf_ifs
2020-08-19,12,8.9,07:00-08:00; 13:00-24:00,ecmwf_ifs
2020-08-20,14,4.7,00:00-12:00; 15:00-17:00,ecmwf_ifs
2020-08-21,8,1.4,11:00-17:00; 19:00-21:00,ecmwf_ifs
2020-08-22,4,0.4,10:00-14:00,ecmwf_ifs
2020-08-23,8,0.9,05:00-06:00; 07:00-14:00,ecmwf_ifs
2020-08-24,5,2.1,10:00-11:00; 12:00-16:00,ecmwf_ifs
2020-08-25,5,4.9,10:00-11:00; 12:00-16:00,ecmwf_ifs
2020-08-26,6,3.4,11:00-17:00,ecmwf_ifs
2020-08-27,7,2.1,02:00-03:00; 05:00-07:00; 12:00-16:00,ecmwf_ifs
2020-08-28,9,1.1,05:00-07:00; 10:00-14:00; 15:00-18:00,ecmwf_ifs
2020-08-29,7,2.5,10:00-14:00; 15:00-18:00,ecmwf_ifs
2020-08-30,7,2.6,10:00-17:00,ecmwf_ifs
2020-08-31,6,4.4,10:00-16:00,ecmwf_ifs
2020-09-01,12,21.8,08:00-16:00; 17:00-21:00,ecmwf_ifs
2020-09-02,15,66.1,09:00-24:00,ecmwf_ifs
2020-09-03,17,42.1,00:00-03:00; 09:00-16:00; 17:00-24:00,ecmwf_ifs
2020-09-04,9,3.2,00:00-01:00; 09:00-17:00,ecmwf_ifs
2020-09-05,8,4.6,09:00-17:00,ecmwf_ifs
2020-09-06,10,20.3,10:00-20:00,ecmwf_ifs
2020-09-07,7,7.9,10:00-17:00,ecmwf_ifs
2020-09-08,7,2,11:00-18:00,ecmwf_ifs
2020-09-09,9,4.4,09:00-18:00,ecmwf_ifs
2020-09-10,10,1.4,10:00-20:00,ecmwf_ifs
2020-09-11,12,9.1,09:00-21:00,ecmwf_ifs
2020-09-12,12,18.1,08:00-16:00; 17:00-19:00; 20:00-22:00,ecmwf_ifs
2020-09-13,10,7.7,09:00-19:00,ecmwf_ifs
2020-09-14,8,5,09:00-10:00; 11:00-18:00,ecmwf_ifs
2020-09-15,7,7.6,11:00-16:00; 18:00-20:00,ecmwf_ifs
2020-09-16,7,2.2,11:00-15:00; 17:00-19:00; 20:00-21:00,ecmwf_ifs
2020-09-17,20,6.7,00:00-20:00,ecmwf_ifs
2020-09-18,21,35.7,03:00-24:00,ecmwf_ifs
2020-09-19,16,28.7,00:00-16:00,ecmwf_ifs
2020-09-20,9,11.9,10:00-18:00; 19:00-20:00,ecmwf_ifs
2020-09-21,8,14.6,09:00-17:00,ecmwf_ifs
2020-09-22,10,14,09:00-18:00; 19:00-20:00,ecmwf_ifs
2020-09-23,13,37.5,10:00-23:00,ecmwf_ifs
2020-09-24,14,15.7,09:00-16:00; 17:00-24:00,ecmwf_ifs
2020-09-25,8,4.1,00:00-03:00; 10:00-12:00; 14:00-17:00,ecmwf_ifs
2020-09-26,10,3.1,08:00-15:00; 21:00-24:00,ecmwf_ifs
2020-09-27,13,2.8,00:00-01:00; 02:00-03:00; 09:00-10:00; 11:00-19:00; 20:00-22:00,ecmwf_ifs
2020-09-28,13,12.1,06:00-19:00,ecmwf_ifs
2020-09-29,5,0.9,14:00-18:00; 20:00-21:00,ecmwf_ifs
2020-09-30,12,3.2,07:00-16:00; 18:00-21:00,ecmwf_ifs
2020-10-01,11,13.4,04:00-06:00; 09:00-18:00,ecmwf_ifs
2020-10-02,9,2.3,08:00-17:00,ecmwf_ifs
2020-10-03,15,12.7,09:00-24:00,ecmwf_ifs
2020-10-04,17,13.9,00:00-02:00; 07:00-22:00,ecmwf_ifs
2020-10-05,13,5.8,07:00-18:00; 19:00-21:00,ecmwf_ifs
2020-10-06,14,18.3,07:00-21:00,ecmwf_ifs
2020-10-07,19,26.7,00:00-19:00,ecmwf_ifs
2020-10-08,14,7.4,09:00-18:00; 19:00-24:00,ecmwf_ifs
2020-10-09,19,19.5,04:00-05:00; 06:00-24:00,ecmwf_ifs
2020-10-10,19,56.7,00:00-03:00; 08:00-24:00,ecmwf_ifs
2020-10-11,20,12.5,00:00-05:00; 07:00-09:00; 10:00-23:00,ecmwf_ifs
2020-10-12,12,9.3,00:00-02:00; 06:00-07:00; 10:00-19:00,ecmwf_ifs
2020-10-13,11,2.4,10:00-21:00,ecmwf_ifs
2020-10-14,14,5.7,06:00-20:00,ecmwf_ifs
2020-10-15,17,69.2,07:00-24:00,ecmwf_ifs
2020-10-16,24,44.1,00:00-24:00,ecmwf_ifs
2020-10-17,23,22.2,00:00-23:00,ecmwf_ifs
2020-10-18,21,9.1,01:00-22:00,ecmwf_ifs
2020-10-19,13,37.4,11:00-24:00,ecmwf_ifs
2020-10-20,13,21.6,00:00-05:00; 09:00-17:00,ecmwf_ifs
2020-10-21,12,10.5,05:00-17:00,ecmwf_ifs
2020-10-22,6,0.7,14:00-15:00; 16:00-18:00; 21:00-24:00,ecmwf_ifs
2020-10-23,16,3,00:00-01:00; 03:00-04:00; 07:00-10:00; 11:00-14:00; 15:00-21:00; 22:00-24:00,ecmwf_ifs
2020-10-24,20,9.2,00:00-07:00; 08:00-09:00; 10:00-22:00,ecmwf_ifs
2020-10-25,9,4.3,09:00-18:00,ecmwf_ifs
2020-10-26,10,17.6,08:00-18:00,ecmwf_ifs
2020-10-27,7,3.7,12:00-14:00; 15:00-17:00; 21:00-24:00,ecmwf_ifs
2020-10-28,14,9,00:00-14:00,ecmwf_ifs
2020-10-29,7,2.3,13:00-17:00; 21:00-24:00,ecmwf_ifs
2020-10-30,13,2.6,00:00-05:00; 08:00-16:00,ecmwf_ifs
2020-10-31,7,2.7,08:00-15:00,ecmwf_ifs
2020-11-01,5,1.6,10:00-15:00,ecmwf_ifs
2020-11-02,0,0,,ecmwf_ifs
2020-11-03,0,0,,ecmwf_ifs
2020-11-04,7,4.5,10:00-17:00,ecmwf_ifs
2020-11-05,6,5,12:00-18:00,ecmwf_ifs
2020-11-06,11,22.7,08:00-19:00,ecmwf_ifs
2020-11-07,10,2.3,01:00-05:00; 10:00-16:00,ecmwf_ifs
2020-11-08,0,0,,ecmwf_ifs
2020-11-09,12,5.2,12:00-24:00,ecmwf_ifs
2020-11-10,21,47.5,00:00-17:00; 19:00-22:00; 23:00-24:00,ecmwf_ifs
2020-11-11,13,5.2,01:00-03:00; 08:00-19:00,ecmwf_ifs
2020-11-12,0,0,,ecmwf_ifs
2020-11-13,0,0,,ecmwf_ifs
2020-11-14,10,4.6,10:00-17:00; 19:00-22:00,ecmwf_ifs
2020-11-15,0,0,,ecmwf_ifs
2020-11-16,0,0,,ecmwf_ifs
2020-11-17,0,0,,ecmwf_ifs
2020-11-18,1,0.1,15:00-16:00,ecmwf_ifs
2020-11-19,0,0,,ecmwf_ifs
2020-11-20,9,10.1,08:00-17:00,ecmwf_ifs
2020-11-21,0,0,,ecmwf_ifs
2020-11-22,0,0,,ecmwf_ifs
2020-11-23,0,0,,ecmwf_ifs
2020-11-24,2,0.3,12:00-14:00,ecmwf_ifs
2020-11-25,0,0,,ecmwf_ifs
2020-11-26,0,0,,ecmwf_ifs
2020-11-27,0,0,,ecmwf_ifs
2020-11-28,14,13.6,08:00-17:00; 19:00-24:00,ecmwf_ifs
2020-11-29,24,43,00:00-24:00,ecmwf_ifs
2020-11-30,24,22.9,00:00-24:00,ecmwf_ifs
2020-12-01,14,4.6,00:00-14:00,ecmwf_ifs
2020-12-02,0,0,,ecmwf_ifs
2020-12-03,0,0,,ecmwf_ifs
2020-12-04,0,0,,ecmwf_ifs
2020-12-05,0,0,,ecmwf_ifs
2020-12-06,0,0,,ecmwf_ifs
2020-12-07,10,18.1,03:00-05:00; 07:00-14:00; 19:00-20:00,ecmwf_ifs
2020-12-08,1,0.3,23:00-24:00,ecmwf_ifs
2020-12-09,8,1.1,00:00-03:00; 13:00-18:00,ecmwf_ifs
2020-12-10,0,0,,ecmwf_ifs
2020-12-11,6,0.8,10:00-16:00,ecmwf_ifs
2020-12-12,0,0,,ecmwf_ifs
2020-12-13,4,0.9,13:00-17:00,ecmwf_ifs
2020-12-14,6,7.9,10:00-16:00,ecmwf_ifs
2020-12-15,4,1,10:00-14:00,ecmwf_ifs
2020-12-16,3,0.3,11:00-14:00,ecmwf_ifs
2020-12-17,1,0.1,13:00-14:00,ecmwf_ifs
2020-12-18,2,0.2,11:00-13:00,ecmwf_ifs
2020-12-19,0,0,,ecmwf_ifs
2020-12-20,0,0,,ecmwf_ifs
2020-12-21,0,0,,ecmwf_ifs
2020-12-22,10,3.2,09:00-12:00; 13:00-16:00; 17:00-19:00; 22:00-24:00,ecmwf_ifs
2020-12-23,21,7.3,00:00-09:00; 12:00-24:00,ecmwf_ifs
2020-12-24,14,11.9,00:00-14:00,ecmwf_ifs
2020-12-25,0,0,,ecmwf_ifs
2020-12-26,0,0,,ecmwf_ifs
2020-12-27,4,1.2,13:00-17:00,ecmwf_ifs
2020-12-28,4,1.2,13:00-17:00,ecmwf_ifs
2020-12-29,0,0,,ecmwf_ifs
2020-12-30,4,0.6,20:00-24:00,ecmwf_ifs
2020-12-31,8,2.9,00:00-08:00,ecmwf_ifs
2021-01-01,2,0.2,12:00-14:00,ecmwf_ifs
2021-01-02,0,0,,ecmwf_ifs
2021-01-03,0,0,,ecmwf_ifs
2021-01-04,8,3.4,13:00-21:00,ecmwf_ifs
2021-01-05,2,0.2,11:00-13:00,ecmwf_ifs
2021-01-06,0,0,,ecmwf_ifs
2021-01-07,0,0,,ecmwf_ifs
2021-01-08,0,0,,ecmwf_ifs
2021-01-09,0,0,,ecmwf_ifs
2021-01-10,0,0,,ecmwf_ifs
2021-01-11,0,0,,ecmwf_ifs
2021-01-12,0,0,,ecmwf_ifs
2021-01-13,0,0,,ecmwf_ifs
2021-01-14,0,0,,ecmwf_ifs
2021-01-15,0,0,,ecmwf_ifs
2021-01-16,0,0,,ecmwf_ifs
2021-01-17,0,0,,ecmwf_ifs
2021-01-18,0,0,,ecmwf_ifs
2021-01-19,0,0,,ecmwf_ifs
2021-01-20,1,0.1,16:00-17:00,ecmwf_ifs
2021-01-21,4,0.4,08:00-10:00; 11:00-12:00; 14:00-15:00,ecmwf_ifs
2021-01-22,11,5.9,09:00-20:00,ecmwf_ifs
2021-01-23,4,2.4,11:00-15:00,ecmwf_ifs
2021-01-24,8,3.8,10:00-18:00,ecmwf_ifs
2021-01-25,0,0,,ecmwf_ifs
2021-01-26,4,0.8,12:00-16:00,ecmwf_ifs
2021-01-27,0,0,,ecmwf_ifs
2021-01-28,0,0,,ecmwf_ifs
2021-01-29,0,0,,ecmwf_ifs
2021-01-30,0,0,,ecmwf_ifs
2021-01-31,0,0,,ecmwf_ifs
2021-02-01,0,0,,ecmwf_ifs
2021-02-02,0,0,,ecmwf_ifs
2021-02-03,0,0,,ecmwf_ifs
2021-02-04,0,0,,ecmwf_ifs
2021-02-05,4,1.4,12:00-16:00,ecmwf_ifs
2021-02-06,0,0,,ecmwf_ifs
2021-02-07,3,0.3,13:00-16:00,ecmwf_ifs
2021-02-08,0,0,,ecmwf_ifs
2021-02-09,5,0.5,12:00-17:00,ecmwf_ifs
2021-02-10,9,5.5,10:00-19:00,ecmwf_ifs
2021-02-11,8,6.6,10:00-18:00,ecmwf_ifs
2021-02-12,0,0,,ecmwf_ifs
2021-02-13,0,0,,ecmwf_ifs
2021-02-14,0,0,,ecmwf_ifs
2021-02-15,0,0,,ecmwf_ifs
2021-02-16,0,0,,ecmwf_ifs
2021-02-17,0,0,,ecmwf_ifs
2021-02-18,0,0,,ecmwf_ifs
2021-02-19,0,0,,ecmwf_ifs
2021-02-20,0,0,,ecmwf_ifs
2021-02-21,0,0,,ecmwf_ifs
2021-02-22,0,0,,ecmwf_ifs
2021-02-23,0,0,,ecmwf_ifs
2021-02-24,0,0,,ecmwf_ifs
2021-02-25,0,0,,ecmwf_ifs
2021-02-26,4,1.9,14:00-18:00,ecmwf_ifs
2021-02-27,3,0.3,13:00-16:00,ecmwf_ifs
2021-02-28,6,1.8,11:00-17:00,ecmwf_ifs
2021-03-01,8,5,10:00-18:00,ecmwf_ifs
2021-03-02,5,1.1,11:00-16:00,ecmwf_ifs
2021-03-03,0,0,,ecmwf_ifs
2021-03-04,0,0,,ecmwf_ifs
2021-03-05,0,0,,ecmwf_ifs
2021-03-06,0,0,,ecmwf_ifs
2021-03-07,0,0,,ecmwf_ifs
2021-03-08,0,0,,ecmwf_ifs
2021-03-09,0,0,,ecmwf_ifs
2021-03-10,5,1.2,11:00-16:00,ecmwf_ifs
2021-03-11,4,1,10:00-14:00,ecmwf_ifs
2021-03-12,0,0,,ecmwf_ifs
2021-03-13,0,0,,ecmwf_ifs
2021-03-14,0,0,,ecmwf_ifs
2021-03-15,1,0.1,15:00-16:00,ecmwf_ifs
2021-03-16,0,0,,ecmwf_ifs
2021-03-17,0,0,,ecmwf_ifs
2021-03-18,1,0.1,15:00-16:00,ecmwf_ifs
2021-03-19,4,0.6,13:00-17:00,ecmwf_ifs
2021-03-20,6,1.6,10:00-16:00,ecmwf_ifs
2021-03-21,0,0,,ecmwf_ifs
2021-03-22,0,0,,ecmwf_ifs
2021-03-23,0,0,,ecmwf_ifs
2021-03-24,5,2.2,12:00-17:00,ecmwf_ifs
2021-03-25,0,0,,ecmwf_ifs
2021-03-26,3,0.7,14:00-17:00,ecmwf_ifs
2021-03-27,0,0,,ecmwf_ifs
2021-03-28,0,0,,ecmwf_ifs
2021-03-29,0,0,,ecmwf_ifs
2021-03-30,1,0.1,12:00-13:00,ecmwf_ifs
2021-03-31,1,0.1,12:00-13:00,ecmwf_ifs
2021-04-01,5,1,12:00-16:00; 22:00-23:00,ecmwf_ifs
2021-04-02,8,11.9,08:00-09:00; 11:00-18:00,ecmwf_ifs
2021-04-03,0,0,,ecmwf_ifs
2021-04-04,5,0.5,10:00-15:00,ecmwf_ifs
2021-04-05,0,0,,ecmwf_ifs
2021-04-06,0,0,,ecmwf_ifs
2021-04-07,6,1.7,11:00-17:00,ecmwf_ifs
2021-04-08,12,5.4,09:00-19:00; 20:00-22:00,ecmwf_ifs
2021-04-09,3,0.3,14:00-17:00,ecmwf_ifs
2021-04-10,6,1,10:00-16:00,ecmwf_ifs
2021-04-11,6,1.1,10:00-16:00,ecmwf_ifs
2021-04-12,9,14.5,07:00-16:00,ecmwf_ifs
2021-04-13,8,2.2,10:00-17:00; 21:00-22:00,ecmwf_ifs
2021-04-14,2,0.4,13:00-14:00; 15:00-16:00,ecmwf_ifs
2021-04-15,4,0.4,09:00-11:00; 12:00-14:00,ecmwf_ifs
2021-04-16,7,1.2,13:00-17:00; 21:00-24:00,ecmwf_ifs
2021-04-17,8,2.4,00:00-03:00; 06:00-07:00; 11:00-15:00,ecmwf_ifs
2021-04-18,2,0.2,12:00-14:00,ecmwf_ifs
2021-04-19,14,29.2,10:00-24:00,ecmwf_ifs
2021-04-20,11,2.6,00:00-02:00; 03:00-04:00; 09:00-10:00; 11:00-17:00; 18:00-19:00,ecmwf_ifs
2021-04-21,12,26.6,08:00-20:00,ecmwf_ifs
2021-04-22,16,31,04:00-19:00; 23:00-24:00,ecmwf_ifs
2021-04-23,12,23.9,00:00-01:00; 09:00-20:00,ecmwf_ifs
2021-04-24,11,3.6,08:00-18:00; 19:00-20:00,ecmwf_ifs
2021-04-25,9,6.3,09:00-18:00,ecmwf_ifs
2021-04-26,9,3.7,08:00-17:00,ecmwf_ifs
2021-04-27,8,2.8,10:00-18:00,ecmwf_ifs
2021-04-28,0,0,,ecmwf_ifs
2021-04-29,0,0,,ecmwf_ifs
2021-04-30,9,2.5,09:00-18:00,ecmwf_ifs
2021-05-01,10,5.9,08:00-18:00,ecmwf_ifs
2021-05-02,3,0.9,11:00-14:00,ecmwf_ifs
2021-05-03,0,0,,ecmwf_ifs
2021-05-04,0,0,,ecmwf_ifs
2021-05-05,5,0.5,09:00-12:00; 13:00-15:00,ecmwf_ifs
2021-05-06,2,0.2,10:00-12:00,ecmwf_ifs
2021-05-07,3,0.3,11:00-14:00,ecmwf_ifs
2021-05-08,8,3.5,10:00-18:00,ecmwf_ifs
2021-05-09,7,1.6,11:00-18:00,ecmwf_ifs
2021-05-10,4,0.7,12:00-16:00,ecmwf_ifs
2021-05-11,9,2.6,08:00-13:00; 15:00-19:00,ecmwf_ifs
2021-05-12,8,1.6,11:00-17:00; 22:00-24:00,ecmwf_ifs
2021-05-13,9,6.3,09:00-18:00,ecmwf_ifs
2021-05-14,9,2.6,09:00-18:00,ecmwf_ifs
2021-05-15,4,0.4,11:00-15:00,ecmwf_ifs
2021-05-16,12,3.4,10:00-18:00; 20:00-24:00,ecmwf_ifs
2021-05-17,12,4.2,00:00-02:00; 07:00-09:00; 10:00-13:00; 14:00-18:00; 19:00-20:00,ecmwf_ifs
2021-05-18,8,3.7,10:00-18:00,ecmwf_ifs
2021-05-19,12,6,10:00-22:00,ecmwf_ifs
2021-05-20,11,7.5,11:00-21:00; 23:00-24:00,ecmwf_ifs
2021-05-21,13,21.3,07:00-08:00; 10:00-22:00,ecmwf_ifs
2021-05-22,9,25.9,09:00-18:00,ecmwf_ifs
2021-05-23,16,25.5,08:00-24:00,ecmwf_ifs
2021-05-24,21,18.4,00:00-21:00,ecmwf_ifs
2021-05-25,17,16.2,07:00-24:00,ecmwf_ifs
2021-05-26,20,23.9,00:00-18:00; 19:00-21:00,ecmwf_ifs
2021-05-27,9,10.3,09:00-18:00,ecmwf_ifs
2021-05-28,9,2.2,08:00-17:00,ecmwf_ifs
2021-05-29,8,3.5,10:00-18:00,ecmwf_ifs
2021-05-30,7,8.4,09:00-16:00,ecmwf_ifs
2021-05-31,13,21.6,08:00-21:00,ecmwf_ifs
2021-06-01,8,7,08:00-16:00,ecmwf_ifs
2021-06-02,8,2.8,09:00-17:00,ecmwf_ifs
2021-06-03,7,2.2,09:00-11:00; 12:00-17:00,ecmwf_ifs
2021-06-04,8,2.2,09:00-17:00,ecmwf_ifs
2021-06-05,9,4.3,08:00-14:00; 16:00-18:00; 23:00-24:00,ecmwf_ifs
2021-06-06,7,1.1,10:00-17:00,ecmwf_ifs
2021-06-07,18,5.1,01:00-12:00; 13:00-20:00,ecmwf_ifs
2021-06-08,17,4,00:00-04:00; 10:00-18:00; 19:00-24:00,ecmwf_ifs
2021-06-09,6,2,00:00-01:00; 12:00-14:00; 21:00-24:00,ecmwf_ifs
2021-06-10,19,4,02:00-06:00; 07:00-18:00; 19:00-23:00,ecmwf_ifs
2021-06-11,11,2.1,00:00-03:00; 07:00-08:00; 09:00-15:00; 23:00-24:00,ecmwf_ifs
2021-06-12,16,21.7,00:00-16:00,ecmwf_ifs
2021-06-13,12,3.9,06:00-17:00; 23:00-24:00,ecmwf_ifs
2021-06-14,3,0.3,00:00-01:00; 13:00-15:00,ecmwf_ifs
2021-06-15,8,1.6,09:00-17:00,ecmwf_ifs
2021-06-16,9,10.5,08:00-17:00,ecmwf_ifs
2021-06-17,9,13,09:00-18:00,ecmwf_ifs
2021-06-18,8,3.7,09:00-17:00,ecmwf_ifs
2021-06-19,6,2.3,11:00-17:00,ecmwf_ifs
2021-06-20,7,5.5,09:00-16:00,ecmwf_ifs
2021-06-21,8,3.5,08:00-15:00; 17:00-18:00,ecmwf_ifs
2021-06-22,7,8.9,10:00-17:00,ecmwf_ifs
2021-06-23,7,11.2,10:00-17:00,ecmwf_ifs
2021-06-24,8,4,10:00-18:00,ecmwf_ifs
2021-06-25,7,3.6,10:00-17:00,ecmwf_ifs
2021-06-26,7,1.9,10:00-17:00,ecmwf_ifs
2021-06-27,4,1.7,13:00-17:00,ecmwf_ifs
2021-06-28,8,1.5,09:00-17:00,ecmwf_ifs
2021-06-29,5,0.8,09:00-12:00; 14:00-16:00,ecmwf_ifs
2021-06-30,10,2.3,04:00-06:00; 08:00-11:00; 12:00-16:00; 18:00-19:00,ecmwf_ifs
2021-07-01,6,1.3,10:00-16:00,ecmwf_ifs
2021-07-02,9,10.4,09:00-18:00,ecmwf_ifs
2021-07-03,6,3,11:00-17:00,ecmwf_ifs
2021-07-04,8,11.5,09:00-10:00; 11:00-18:00,ecmwf_ifs
2021-07-05,12,7.7,10:00-22:00,ecmwf_ifs
2021-07-06,10,3,05:00-07:00; 11:00-17:00; 19:00-21:00,ecmwf_ifs
2021-07-07,14,11.3,08:00-19:00; 21:00-24:00,ecmwf_ifs
2021-07-08,14,8.3,00:00-01:00; 08:00-19:00; 22:00-24:00,ecmwf_ifs
2021-07-09,16,10.3,00:00-04:00; 06:00-18:00,ecmwf_ifs
2021-07-10,8,2.5,10:00-18:00,ecmwf_ifs
2021-07-11,7,3.3,10:00-17:00,ecmwf_ifs
2021-07-12,7,2.6,12:00-19:00,ecmwf_ifs
2021-07-13,11,7.1,11:00-18:00; 19:00-23:00,ecmwf_ifs
2021-07-14,11,10.8,10:00-21:00,ecmwf_ifs
2021-07-15,14,11.5,10:00-24:00,ecmwf_ifs
2021-07-16,8,1.1,00:00-02:00; 08:00-14:00,ecmwf_ifs
2021-07-17,8,7.2,10:00-18:00,ecmwf_ifs
2021-07-18,13,5.2,03:00-04:00; 09:00-19:00; 22:00-24:00,ecmwf_ifs
2021-07-19,13,9.8,00:00-01:00; 02:00-03:00; 07:00-13:00; 19:00-24:00,ecmwf_ifs
2021-07-20,5,0.8,00:00-03:00; 07:00-09:00,ecmwf_ifs
2021-07-21,12,3.8,03:00-04:00; 08:00-19:00,ecmwf_ifs
2021-07-22,12,4.7,01:00-04:00; 05:00-06:00; 07:00-15:00,ecmwf_ifs
2021-07-23,18,2.9,05:00-07:00; 08:00-24:00,ecmwf_ifs
2021-07-24,19,5.5,00:00-18:00; 23:00-24:00,ecmwf_ifs
2021-07-25,20,8.2,00:00-01:00; 04:00-20:00; 21:00-24:00,ecmwf_ifs
2021-07-26,10,1.4,00:00-05:00; 11:00-12:00; 20:00-24:00,ecmwf_ifs
2021-07-27,20,6.5,00:00-19:00; 20:00-21:00,ecmwf_ifs
2021-07-28,9,1.2,00:00-02:00; 10:00-11:00; 13:00-18:00; 19:00-20:00,ecmwf_ifs
2021-07-29,8,2.1,11:00-18:00; 20:00-21:00,ecmwf_ifs
2021-07-30,4,0.4,14:00-18:00,ecmwf_ifs
2021-07-31,16,3.3,01:00-04:00; 08:00-17:00; 18:00-19:00; 21:00-24:00,ecmwf_ifs
2021-08-01,19,3.7,00:00-18:00; 23:00-24:00,ecmwf_ifs
2021-08-02,17,3.4,00:00-17:00,ecmwf_ifs
2021-08-03,22,3.8,02:00-24:00,ecmwf_ifs
2021-08-04,14,1.7,00:00-03:00; 04:00-09:00; 15:00-17:00; 20:00-24:00,ecmwf_ifs
2021-08-05,19,3.2,00:00-11:00; 12:00-16:00; 19:00-20:00; 21:00-24:00,ecmwf_ifs
2021-08-06,4,0.4,00:00-02:00; 12:00-14:00,ecmwf_ifs
2021-08-07,4,0.5,11:00-15:00,ecmwf_ifs
2021-08-08,9,2.5,09:00-18:00,ecmwf_ifs
2021-08-09,6,1.3,09:00-14:00; 19:00-20:00,ecmwf_ifs
2021-08-10,9,6.7,09:00-18:00,ecmwf_ifs
2021-08-11,12,5.2,03:00-04:00; 08:00-15:00; 16:00-20:00,ecmwf_ifs
2021-08-12,11,3.7,09:00-20:00,ecmwf_ifs
2021-08-13,9,14.9,10:00-19:00,ecmwf_ifs
2021-08-14,6,2.4,08:00-13:00; 16:00-17:00,ecmwf_ifs
2021-08-15,7,5.6,08:00-09:00; 10:00-16:00,ecmwf_ifs
2021-08-16,8,2.7,10:00-18:00,ecmwf_ifs
2021-08-17,4,0.9,13:00-17:00,ecmwf_ifs
2021-08-18,11,2.6,12:00-18:00; 19:00-24:00,ecmwf_ifs
2021-08-19,9,2.3,10:00-19:00,ecmwf_ifs
2021-08-20,9,6.2,11:00-20:00,ecmwf_ifs
2021-08-21,10,1.6,11:00-16:00; 18:00-19:00; 20:00-24:00,ecmwf_ifs
2021-08-22,16,17.2,00:00-05:00; 09:00-18:00; 19:00-21:00,ecmwf_ifs
2021-08-23,10,5.4,02:00-03:00; 10:00-19:00,ecmwf_ifs
2021-08-24,14,29.5,09:00-23:00,ecmwf_ifs
2021-08-25,10,4.2,11:00-16:00; 19:00-24:00,ecmwf_ifs
2021-08-26,19,11.7,00:00-05:00; 10:00-24:00,ecmwf_ifs
2021-08-27,18,30,00:00-06:00; 12:00-24:00,ecmwf_ifs
2021-08-28,17,27.7,00:00-17:00,ecmwf_ifs
2021-08-29,12,17.5,08:00-20:00,ecmwf_ifs
2021-08-30,7,4.9,10:00-17:00,ecmwf_ifs
2021-08-31,9,4.1,09:00-15:00; 16:00-19:00,ecmwf_ifs
2021-09-01,13,4.4,09:00-22:00,ecmwf_ifs
2021-09-02,8,7.1,08:00-16:00,ecmwf_ifs
2021-09-03,14,14.5,08:00-09:00; 10:00-12:00; 13:00-24:00,ecmwf_ifs
2021-09-04,17,69.6,00:00-03:00; 10:00-24:00,ecmwf_ifs
2021-09-05,17,19.8,00:00-04:00; 09:00-20:00; 21:00-23:00,ecmwf_ifs
2021-09-06,14,20,08:00-20:00; 22:00-24:00,ecmwf_ifs
2021-09-07,14,18.6,00:00-04:00; 10:00-17:00; 19:00-22:00,ecmwf_ifs
2021-09-08,15,11.5,09:00-24:00,ecmwf_ifs
2021-09-09,20,3.8,00:00-04:00; 06:00-07:00; 08:00-17:00; 18:00-24:00,ecmwf_ifs
2021-09-10,22,8.4,00:00-03:00; 04:00-09:00; 10:00-24:00,ecmwf_ifs
2021-09-11,24,15.4,00:00-24:00,ecmwf_ifs
2021-09-12,23,9.3,00:00-20:00; 21:00-24:00,ecmwf_ifs
2021-09-13,17,11,00:00-17:00,ecmwf_ifs
2021-09-14,13,14.5,09:00-17:00; 18:00-23:00,ecmwf_ifs
2021-09-15,16,4.4,01:00-17:00,ecmwf_ifs
2021-09-16,5,8.4,11:00-16:00,ecmwf_ifs
2021-09-17,10,14.3,09:00-19:00,ecmwf_ifs
2021-09-18,9,3.7,10:00-18:00; 19:00-20:00,ecmwf_ifs
2021-09-19,13,12.8,07:00-20:00,ecmwf_ifs
2021-09-20,13,29.3,11:00-24:00,ecmwf_ifs
2021-09-21,10,8.2,00:00-07:00; 16:00-19:00,ecmwf_ifs
2021-09-22,15,29.6,09:00-24:00,ecmwf_ifs
2021-09-23,17,22.3,00:00-17:00,ecmwf_ifs
2021-09-24,11,3.8,07:00-18:00,ecmwf_ifs
2021-09-25,12,23.5,08:00-18:00; 19:00-21:00,ecmwf_ifs
2021-09-26,3,0.3,11:00-14:00,ecmwf_ifs
2021-09-27,4,0.4,12:00-13:00; 14:00-16:00; 20:00-21:00,ecmwf_ifs
2021-09-28,4,0.5,12:00-16:00,ecmwf_ifs
2021-09-29,11,6.1,08:00-19:00,ecmwf_ifs
2021-09-30,14,26.7,09:00-23:00,ecmwf_ifs
2021-10-01,15,22.9,09:00-24:00,ecmwf_ifs
2021-10-02,19,69.3,00:00-06:00; 08:00-21:00,ecmwf_ifs
2021-10-03,7,1.5,11:00-17:00; 19:00-20:00,ecmwf_ifs
2021-10-04,10,15.7,10:00-17:00; 21:00-24:00,ecmwf_ifs
2021-10-05,16,6.2,00:00-02:00; 09:00-12:00; 13:00-24:00,ecmwf_ifs
2021-10-06,18,17.3,00:00-17:00; 19:00-20:00,ecmwf_ifs
2021-10-07,6,1.1,12:00-17:00; 20:00-21:00,ecmwf_ifs
2021-10-08,9,1.3,00:00-07:00; 13:00-14:00; 15:00-16:00,ecmwf_ifs
2021-10-09,12,5.7,11:00-20:00; 21:00-24:00,ecmwf_ifs
2021-10-10,9,1.6,00:00-02:00; 10:00-17:00,ecmwf_ifs
2021-10-11,16,23.4,02:00-17:00; 23:00-24:00,ecmwf_ifs
2021-10-12,21,22.6,00:00-06:00; 09:00-24:00,ecmwf_ifs
2021-10-13,22,5.3,00:00-16:00; 18:00-24:00,ecmwf_ifs
2021-10-14,24,15.9,00:00-24:00,ecmwf_ifs
2021-10-15,17,17,00:00-01:00; 02:00-04:00; 09:00-11:00; 12:00-24:00,ecmwf_ifs
2021-10-16,12,14.8,00:00-02:00; 06:00-07:00; 12:00-19:00; 22:00-24:00,ecmwf_ifs
2021-10-17,16,5.9,00:00-01:00; 02:00-17:00,ecmwf_ifs
2021-10-18,4,3.7,11:00-15:00,ecmwf_ifs
2021-10-19,5,3.7,11:00-16:00,ecmwf_ifs
2021-10-20,10,2.5,09:00-15:00; 17:00-18:00; 19:00-22:00,ecmwf_ifs
2021-10-21,7,9.2,10:00-17:00,ecmwf_ifs
2021-10-22,4,1.4,12:00-16:00,ecmwf_ifs
2021-10-23,6,4.5,10:00-16:00,ecmwf_ifs
2021-10-24,7,2,10:00-16:00; 20:00-21:00,ecmwf_ifs
2021-10-25,10,1.4,08:00-16:00; 17:00-19:00,ecmwf_ifs
2021-10-26,20,22.8,03:00-11:00; 12:00-24:00,ecmwf_ifs
2021-10-27,22,46.3,00:00-22:00,ecmwf_ifs
2021-10-28,5,1.3,10:00-15:00,ecmwf_ifs
2021-10-29,7,6.2,10:00-17:00,ecmwf_ifs
2021-10-30,6,1.4,10:00-16:00,ecmwf_ifs
2021-10-31,9,2,07:00-16:00,ecmwf_ifs
2021-11-01,6,1.3,09:00-15:00,ecmwf_ifs
2021-11-02,0,0,,ecmwf_ifs
2021-11-03,0,0,,ecmwf_ifs
2021-11-04,1,0.1,12:00-13:00,ecmwf_ifs
2021-11-05,7,2.4,09:00-16:00,ecmwf_ifs
2021-11-06,5,1.1,11:00-16:00,ecmwf_ifs
2021-11-07,7,7.9,12:00-19:00,ecmwf_ifs
2021-11-08,6,1.1,09:00-15:00,ecmwf_ifs
2021-11-09,7,1.4,07:00-14:00,ecmwf_ifs
2021-11-10,7,2.4,07:00-10:00; 20:00-24:00,ecmwf_ifs
2021-11-11,21,19.6,00:00-03:00; 06:00-24:00,ecmwf_ifs
2021-11-12,8,14.1,00:00-08:00,ecmwf_ifs
2021-11-13,8,2.5,10:00-17:00; 19:00-20:00,ecmwf_ifs
2021-11-14,12,33.3,08:00-20:00,ecmwf_ifs
2021-11-15,12,3.8,00:00-03:00; 08:00-17:00,ecmwf_ifs
2021-11-16,14,4.2,02:00-16:00,ecmwf_ifs
2021-11-17,8,4.7,09:00-17:00,ecmwf_ifs
2021-11-18,7,3.7,08:00-10:00; 11:00-16:00,ecmwf_ifs
2021-11-19,7,2,10:00-17:00,ecmwf_ifs
2021-11-20,8,10.4,09:00-17:00,ecmwf_ifs
2021-11-21,6,1.5,10:00-16:00,ecmwf_ifs
2021-11-22,8,2.9,08:00-16:00,ecmwf_ifs
2021-11-23,1,0.1,19:00-20:00,ecmwf_ifs
2021-11-24,1,0.1,23:00-24:00,ecmwf_ifs
2021-11-25,3,1.1,00:00-01:00; 07:00-09:00,ecmwf_ifs
2021-11-26,6,1.9,14:00-20:00,ecmwf_ifs
2021-11-27,23,39.2,01:00-24:00,ecmwf_ifs
2021-11-28,19,25.6,00:00-03:00; 06:00-17:00; 19:00-24:00,ecmwf_ifs
2021-11-29,19,39.3,00:00-17:00; 22:00-24:00,ecmwf_ifs
2021-11-30,19,3.1,00:00-04:00; 05:00-07:00; 08:00-17:00; 19:00-23:00,ecmwf_ifs
2021-12-01,0,0,,ecmwf_ifs
2021-12-02,0,0,,ecmwf_ifs
2021-12-03,0,0,,ecmwf_ifs
2021-12-04,0,0,,ecmwf_ifs
2021-12-05,0,0,,ecmwf_ifs
2021-12-06,0,0,,ecmwf_ifs
2021-12-07,0,0,,ecmwf_ifs
2021-12-08,4,0.9,11:00-15:00,ecmwf_ifs
2021-12-09,0,0,,ecmwf_ifs
2021-12-10,0,0,,ecmwf_ifs
2021-12-11,0,0,,ecmwf_ifs
2021-12-12,0,0,,ecmwf_ifs
2021-12-13,0,0,,ecmwf_ifs
2021-12-14,0,0,,ecmwf_ifs
2021-12-15,0,0,,ecmwf_ifs
2021-12-16,0,0,,ecmwf_ifs
2021-12-17,0,0,,ecmwf_ifs
2021-12-18,4,1.1,20:00-24:00,ecmwf_ifs
2021-12-19,4,2.1,00:00-02:00; 05:00-06:00; 16:00-17:00,ecmwf_ifs
2021-12-20,0,0,,ecmwf_ifs
2021-12-21,4,0.6,10:00-12:00; 13:00-15:00,ecmwf_ifs
2021-12-22,13,6.5,09:00-22:00,ecmwf_ifs
2021-12-23,0,0,,ecmwf_ifs
2021-12-24,3,0.3,12:00-15:00,ecmwf_ifs
2021-12-25,0,0,,ecmwf_ifs
2021-12-26,1,0.1,14:00-15:00,ecmwf_ifs
2021-12-27,8,4.2,10:00-18:00,ecmwf_ifs
2021-12-28,8,1.6,08:00-16:00,ecmwf_ifs
2021-12-29,3,0.3,04:00-05:00; 10:00-12:00,ecmwf_ifs
2021-12-30,0,0,,ecmwf_ifs
2021-12-31,0,0,,ecmwf_ifs
2022-01-01,0,0,,ecmwf_ifs
2022-01-02,0,0,,ecmwf_ifs
2022-01-03,0,0,,ecmwf_ifs
2022-01-04,6,1,11:00-17:00,ecmwf_ifs
2022-01-05,7,2.8,10:00-17:00,ecmwf_ifs
2022-01-06,6,1.9,11:00-17:00,ecmwf_ifs
2022-01-07,0,0,,ecmwf_ifs
2022-01-08,2,1,14:00-16:00,ecmwf_ifs
2022-01-09,7,1.3,10:00-17:00,ecmwf_ifs
2022-01-10,3,0.4,15:00-18:00,ecmwf_ifs
2022-01-11,0,0,,ecmwf_ifs
2022-01-12,0,0,,ecmwf_ifs
2022-01-13,0,0,,ecmwf_ifs
2022-01-14,0,0,,ecmwf_ifs
2022-01-15,0,0,,ecmwf_ifs
2022-01-16,0,0,,ecmwf_ifs
2022-01-17,0,0,,ecmwf_ifs
2022-01-18,1,0.1,16:00-17:00,ecmwf_ifs
2022-01-19,0,0,,ecmwf_ifs
2022-01-20,5,1,13:00-18:00,ecmwf_ifs
2022-01-21,0,0,,ecmwf_ifs
2022-01-22,2,0.2,11:00-13:00,ecmwf_ifs
2022-01-23,2,0.3,13:00-14:00; 19:00-20:00,ecmwf_ifs
2022-01-24,5,1.1,11:00-16:00,ecmwf_ifs
2022-01-25,8,2.8,10:00-18:00,ecmwf_ifs
2022-01-26,0,0,,ecmwf_ifs
2022-01-27,0,0,,ecmwf_ifs
2022-01-28,0,0,,ecmwf_ifs
2022-01-29,0,0,,ecmwf_ifs
2022-01-30,5,2.5,11:00-16:00,ecmwf_ifs
2022-01-31,6,1.5,11:00-17:00,ecmwf_ifs
2022-02-01,0,0,,ecmwf_ifs
2022-02-02,0,0,,ecmwf_ifs
2022-02-03,4,0.7,13:00-17:00,ecmwf_ifs
2022-02-04,0,0,,ecmwf_ifs
2022-02-05,0,0,,ecmwf_ifs
2022-02-06,0,0,,ecmwf_ifs
2022-02-07,5,4.1,12:00-17:00,ecmwf_ifs
2022-02-08,5,1,10:00-11:00; 12:00-16:00,ecmwf_ifs
2022-02-09,0,0,,ecmwf_ifs
2022-02-10,2,0.2,12:00-14:00,ecmwf_ifs
2022-02-11,0,0,,ecmwf_ifs
2022-02-12,0,0,,ecmwf_ifs
2022-02-13,8,7.9,09:00-17:00,ecmwf_ifs
2022-02-14,6,1.2,10:00-16:00,ecmwf_ifs
2022-02-15,8,3.7,10:00-18:00,ecmwf_ifs
2022-02-16,8,5.2,10:00-18:00,ecmwf_ifs
2022-02-17,5,1.1,11:00-16:00,ecmwf_ifs
2022-02-18,6,2.3,11:00-17:00,ecmwf_ifs
2022-02-19,9,2.9,08:00-17:00,ecmwf_ifs
2022-02-20,10,2.5,07:00-14:00; 15:00-18:00,ecmwf_ifs
2022-02-21,7,5.5,09:00-16:00,ecmwf_ifs
2022-02-22,4,0.7,10:00-12:00; 13:00-14:00; 15:00-16:00,ecmwf_ifs
2022-02-23,0,0,,ecmwf_ifs
2022-02-24,0,0,,ecmwf_ifs
2022-02-25,0,0,,ecmwf_ifs
2022-02-26,0,0,,ecmwf_ifs
2022-02-27,0,0,,ecmwf_ifs
2022-02-28,0,0,,ecmwf_ifs
2022-03-01,0,0,,ecmwf_ifs
2022-03-02,0,0,,ecmwf_ifs
2022-03-03,0,0,,ecmwf_ifs
2022-03-04,6,1,09:00-10:00; 11:00-16:00,ecmwf_ifs
2022-03-05,5,3.2,10:00-13:00; 14:00-16:00,ecmwf_ifs
2022-03-06,1,0.1,12:00-13:00,ecmwf_ifs
2022-03-07,0,0,,ecmwf_ifs
2022-03-08,3,1.1,13:00-16:00,ecmwf_ifs
2022-03-09,0,0,,ecmwf_ifs
2022-03-10,0,0,,ecmwf_ifs
2022-03-11,0,0,,ecmwf_ifs
2022-03-12,6,5.4,10:00-16:00,ecmwf_ifs
2022-03-13,5,2.1,12:00-17:00,ecmwf_ifs
2022-03-14,8,4.4,09:00-17:00,ecmwf_ifs
2022-03-15,4,1.7,13:00-17:00,ecmwf_ifs
2022-03-16,0,0,,ecmwf_ifs
2022-03-17,2,0.5,15:00-17:00,ecmwf_ifs
2022-03-18,3,1.1,11:00-13:00; 15:00-16:00,ecmwf_ifs
2022-03-19,5,5,12:00-17:00,ecmwf_ifs
2022-03-20,4,1.6,11:00-15:00,ecmwf_ifs
2022-03-21,11,5.6,07:00-18:00,ecmwf_ifs
2022-03-22,9,1.7,08:00-17:00,ecmwf_ifs
2022-03-23,4,9.4,12:00-16:00,ecmwf_ifs
2022-03-24,6,0.7,10:00-16:00,ecmwf_ifs
2022-03-25,6,1.6,10:00-16:00,ecmwf_ifs
2022-03-26,1,0.1,14:00-15:00,ecmwf_ifs
2022-03-27,8,3.5,07:00-10:00; 11:00-16:00,ecmwf_ifs
2022-03-28,4,1.7,12:00-16:00,ecmwf_ifs
2022-03-29,7,3.9,09:00-15:00; 16:00-17:00,ecmwf_ifs
2022-03-30,15,18.2,08:00-19:00; 20:00-24:00,ecmwf_ifs
2022-03-31,20,15.6,02:00-20:00; 21:00-23:00,ecmwf_ifs
2022-04-01,13,4.1,04:00-17:00,ecmwf_ifs
2022-04-02,7,2.8,10:00-17:00,ecmwf_ifs
2022-04-03,4,0.4,13:00-16:00; 18:00-19:00,ecmwf_ifs
2022-04-04,3,0.4,11:00-12:00; 13:00-15:00,ecmwf_ifs
2022-04-05,3,0.3,11:00-14:00,ecmwf_ifs
2022-04-06,5,2.8,12:00-17:00,ecmwf_ifs
2022-04-07,4,0.5,12:00-16:00,ecmwf_ifs
2022-04-08,7,2.2,11:00-18:00,ecmwf_ifs
2022-04-09,7,2.2,11:00-18:00,ecmwf_ifs
2022-04-10,1,0.1,15:00-16:00,ecmwf_ifs
2022-04-11,4,1.3,14:00-18:00,ecmwf_ifs
2022-04-12,11,4.1,08:00-19:00,ecmwf_ifs
2022-04-13,8,4.7,08:00-16:00,ecmwf_ifs
2022-04-14,6,17.1,10:00-16:00,ecmwf_ifs
2022-04-15,8,12,01:00-02:00; 10:00-17:00,ecmwf_ifs
2022-04-16,14,11,07:00-21:00,ecmwf_ifs
2022-04-17,8,2.5,11:00-19:00,ecmwf_ifs
2022-04-18,1,0.1,10:00-11:00,ecmwf_ifs
2022-04-19,5,0.6,09:00-11:00; 13:00-16:00,ecmwf_ifs
2022-04-20,6,4.3,10:00-16:00,ecmwf_ifs
2022-04-21,6,4.6,11:00-17:00,ecmwf_ifs
2022-04-22,4,3.2,11:00-15:00,ecmwf_ifs
2022-04-23,4,5.6,10:00-11:00; 12:00-15:00,ecmwf_ifs
2022-04-24,7,1.7,10:00-17:00,ecmwf_ifs
2022-04-25,7,1.8,11:00-16:00; 17:00-19:00,ecmwf_ifs
2022-04-26,8,1.8,08:00-16:00,ecmwf_ifs
2022-04-27,6,2.5,07:00-08:00; 10:00-15:00,ecmwf_ifs
2022-04-28,5,5.7,11:00-16:00,ecmwf_ifs
2022-04-29,14,35.8,05:00-19:00,ecmwf_ifs
2022-04-30,17,18.9,07:00-24:00,ecmwf_ifs
2022-05-01,16,3.2,00:00-16:00,ecmwf_ifs
2022-05-02,9,8.6,09:00-18:00,ecmwf_ifs
2022-05-03,10,23.6,10:00-20:00,ecmwf_ifs
2022-05-04,9,23.2,10:00-19:00,ecmwf_ifs
2022-05-05,4,0.4,10:00-11:00; 13:00-14:00; 15:00-17:00,ecmwf_ifs
2022-05-06,3,0.3,10:00-11:00; 12:00-14:00,ecmwf_ifs
2022-05-07,4,0.8,11:00-15:00,ecmwf_ifs
2022-05-08,9,1.4,07:00-12:00; 13:00-17:00,ecmwf_ifs
2022-05-09,2,0.2,13:00-15:00,ecmwf_ifs
2022-05-10,8,3.7,10:00-18:00,ecmwf_ifs
2022-05-11,8,1.6,10:00-18:00,ecmwf_ifs
2022-05-12,9,2.2,08:00-10:00; 11:00-18:00,ecmwf_ifs
2022-05-13,8,1.1,11:00-18:00; 19:00-20:00,ecmwf_ifs
2022-05-14,7,4.1,10:00-15:00; 16:00-18:00,ecmwf_ifs
2022-05-15,3,1.1,12:00-15:00,ecmwf_ifs
2022-05-16,8,6.7,11:00-15:00; 16:00-18:00; 22:00-24:00,ecmwf_ifs
2022-05-17,14,13.2,00:00-02:00; 09:00-19:00; 22:00-24:00,ecmwf_ifs
2022-05-18,10,7.2,00:00-02:00; 07:00-09:00; 11:00-17:00,ecmwf_ifs
2022-05-19,16,20.6,07:00-23:00,ecmwf_ifs
2022-05-20,12,14.7,08:00-09:00; 10:00-17:00; 18:00-22:00,ecmwf_ifs
2022-05-21,9,7.7,10:00-16:00; 17:00-18:00; 20:00-22:00,ecmwf_ifs
2022-05-22,16,12.4,07:00-23:00,ecmwf_ifs
2022-05-23,13,4.1,02:00-03:00; 05:00-17:00,ecmwf_ifs
2022-05-24,9,0.9,08:00-17:00,ecmwf_ifs
2022-05-25,6,2.7,08:00-10:00; 11:00-15:00,ecmwf_ifs
2022-05-26,7,3.3,04:00-05:00; 09:00-15:00,ecmwf_ifs
2022-05-27,11,11.6,06:00-16:00; 18:00-19:00,ecmwf_ifs
2022-05-28,14,4.1,08:00-15:00; 16:00-19:00; 20:00-24:00,ecmwf_ifs
2022-05-29,16,8.1,00:00-04:00; 05:00-16:00; 22:00-23:00,ecmwf_ifs
2022-05-30,8,7.4,07:00-11:00; 12:00-16:00,ecmwf_ifs
2022-05-31,7,4,12:00-17:00; 21:00-23:00,ecmwf_ifs
2022-06-01,11,11.4,00:00-02:00; 09:00-18:00,ecmwf_ifs
2022-06-02,11,8.1,08:00-19:00,ecmwf_ifs
2022-06-03,7,2.6,10:00-17:00,ecmwf_ifs
2022-06-04,8,2.5,08:00-16:00,ecmwf_ifs
2022-06-05,0,0,,ecmwf_ifs
2022-06-06,5,1.3,11:00-15:00; 16:00-17:00,ecmwf_ifs
2022-06-07,7,4.2,08:00-11:00; 13:00-17:00,ecmwf_ifs
2022-06-08,7,8.9,10:00-17:00,ecmwf_ifs
2022-06-09,6,4.7,09:00-11:00; 12:00-14:00; 15:00-17:00,ecmwf_ifs
2022-06-10,12,27.8,08:00-15:00; 17:00-22:00,ecmwf_ifs
2022-06-11,8,2.1,07:00-09:00; 11:00-17:00,ecmwf_ifs
2022-06-12,6,3,12:00-18:00,ecmwf_ifs
2022-06-13,3,0.5,16:00-17:00; 19:00-21:00,ecmwf_ifs
2022-06-14,3,1,13:00-16:00,ecmwf_ifs
2022-06-15,8,2.7,10:00-18:00,ecmwf_ifs
2022-06-16,5,0.7,10:00-11:00; 12:00-16:00,ecmwf_ifs
2022-06-17,5,3.2,08:00-09:00; 11:00-15:00,ecmwf_ifs
2022-06-18,10,15.4,07:00-16:00; 19:00-20:00,ecmwf_ifs
2022-06-19,7,4.7,09:00-14:00; 15:00-17:00,ecmwf_ifs
2022-06-20,6,1.5,10:00-16:00,ecmwf_ifs
2022-06-21,9,2.9,08:00-12:00; 14:00-18:00; 19:00-20:00,ecmwf_ifs
2022-06-22,7,10.2,09:00-15:00; 19:00-20:00,ecmwf_ifs
2022-06-23,10,19.9,11:00-21:00,ecmwf_ifs
2022-06-24,9,13.2,12:00-21:00,ecmwf_ifs
2022-06-25,8,12.8,10:00-17:00; 19:00-20:00,ecmwf_ifs
2022-06-26,7,5.1,10:00-16:00; 19:00-20:00,ecmwf_ifs
2022-06-27,7,9.8,10:00-17:00,ecmwf_ifs
2022-06-28,6,1.3,07:00-08:00; 10:00-15:00,ecmwf_ifs
2022-06-29,3,1.6,11:00-12:00; 13:00-15:00,ecmwf_ifs
2022-06-30,7,2.4,10:00-16:00; 17:00-18:00,ecmwf_ifs
2022-07-01,14,1.8,00:00-05:00; 08:00-13:00; 15:00-17:00; 22:00-24:00,ecmwf_ifs
2022-07-02,18,5.5,00:00-17:00; 18:00-19:00,ecmwf_ifs
2022-07-03,11,2.4,07:00-18:00,ecmwf_ifs
2022-07-04,8,4,10:00-18:00,ecmwf_ifs
2022-07-05,10,3.7,09:00-17:00; 18:00-20:00,ecmwf_ifs
2022-07-06,8,10.6,09:00-16:00; 17:00-18:00,ecmwf_ifs
2022-07-07,8,3.8,00:00-01:00; 11:00-18:00,ecmwf_ifs
2022-07-08,12,10.8,09:00-21:00,ecmwf_ifs
2022-07-09,14,3.2,05:00-12:00; 14:00-19:00; 20:00-22:00,ecmwf_ifs
2022-07-10,22,15,02:00-24:00,ecmwf_ifs
2022-07-11,17,10.4,00:00-16:00; 20:00-21:00,ecmwf_ifs
2022-07-12,14,5.5,04:00-05:00; 06:00-07:00; 08:00-20:00,ecmwf_ifs
2022-07-13,10,2.2,07:00-13:00; 14:00-17:00; 23:00-24:00,ecmwf_ifs
2022-07-14,15,12.5,04:00-19:00,ecmwf_ifs
2022-07-15,8,7.6,09:00-17:00,ecmwf_ifs
2022-07-16,7,7.4,11:00-18:00,ecmwf_ifs
2022-07-17,8,2.3,08:00-09:00; 10:00-16:00; 18:00-19:00,ecmwf_ifs
2022-07-18,9,10.2,11:00-16:00; 17:00-19:00; 20:00-22:00,ecmwf_ifs
2022-07-19,13,11.1,08:00-21:00,ecmwf_ifs
2022-07-20,18,10.3,00:00-06:00; 12:00-24:00,ecmwf_ifs
2022-07-21,16,10.2,00:00-05:00; 06:00-07:00; 08:00-16:00; 17:00-18:00; 19:00-20:00,ecmwf_ifs
2022-07-22,7,12.5,10:00-17:00,ecmwf_ifs
2022-07-23,5,1.1,11:00-16:00,ecmwf_ifs
2022-07-24,3,0.8,12:00-15:00,ecmwf_ifs
2022-07-25,9,2.3,08:00-17:00,ecmwf_ifs
2022-07-26,8,6.3,09:00-17:00,ecmwf_ifs
2022-07-27,4,0.5,10:00-14:00,ecmwf_ifs
2022-07-28,13,10.5,08:00-21:00,ecmwf_ifs
2022-07-29,7,5.3,08:00-15:00,ecmwf_ifs
2022-07-30,10,4.7,01:00-03:00; 05:00-07:00; 12:00-18:00,ecmwf_ifs
2022-07-31,14,35.4,08:00-09:00; 10:00-18:00; 19:00-24:00,ecmwf_ifs
2022-08-01,10,3.1,00:00-02:00; 07:00-08:00; 09:00-11:00; 12:00-15:00; 17:00-19:00,ecmwf_ifs
2022-08-02,6,1.8,10:00-16:00,ecmwf_ifs
2022-08-03,8,23.4,10:00-17:00; 19:00-20:00,ecmwf_ifs
2022-08-04,10,9.5,08:00-10:00; 11:00-18:00; 19:00-20:00,ecmwf_ifs
2022-08-05,8,5,10:00-18:00,ecmwf_ifs
2022-08-06,10,16.5,09:00-19:00,ecmwf_ifs
2022-08-07,17,7.2,07:00-24:00,ecmwf_ifs
2022-08-08,24,21.5,00:00-24:00,ecmwf_ifs
2022-08-09,19,7.2,00:00-18:00; 22:00-23:00,ecmwf_ifs
2022-08-10,17,4.8,00:00-02:00; 07:00-16:00; 18:00-24:00,ecmwf_ifs
2022-08-11,19,5.4,00:00-19:00,ecmwf_ifs
2022-08-12,4,0.9,12:00-13:00; 14:00-17:00,ecmwf_ifs
2022-08-13,11,8.5,08:00-19:00,ecmwf_ifs
2022-08-14,10,21.4,07:00-17:00,ecmwf_ifs
2022-08-15,15,23.9,01:00-02:00; 03:00-04:00; 07:00-14:00; 15:00-21:00,ecmwf_ifs
2022-08-16,6,2.4,10:00-12:00; 13:00-17:00,ecmwf_ifs
2022-08-17,5,0.7,11:00-16:00,ecmwf_ifs
2022-08-18,8,5.4,10:00-17:00; 18:00-19:00,ecmwf_ifs
2022-08-19,10,5.5,07:00-13:00; 15:00-18:00; 19:00-20:00,ecmwf_ifs
2022-08-20,8,8.2,02:00-03:00; 10:00-17:00,ecmwf_ifs
2022-08-21,9,2,11:00-19:00; 20:00-21:00,ecmwf_ifs
2022-08-22,9,16.7,09:00-16:00; 17:00-19:00,ecmwf_ifs
2022-08-23,8,22,09:00-10:00; 11:00-17:00; 18:00-19:00,ecmwf_ifs
2022-08-24,6,1.9,11:00-17:00,ecmwf_ifs
2022-08-25,14,4,07:00-18:00; 19:00-22:00,ecmwf_ifs
2022-08-26,6,1.7,10:00-16:00,ecmwf_ifs
2022-08-27,6,19.6,10:00-15:00; 16:00-17:00,ecmwf_ifs
2022-08-28,9,11.2,10:00-16:00; 17:00-20:00,ecmwf_ifs
2022-08-29,6,1.1,10:00-16:00,ecmwf_ifs
2022-08-30,7,1.5,10:00-16:00; 17:00-18:00,ecmwf_ifs
2022-08-31,7,5.1,10:00-17:00,ecmwf_ifs
2022-09-01,10,8.2,09:00-18:00; 19:00-20:00,ecmwf_ifs
2022-09-02,10,12.9,07:00-17:00,ecmwf_ifs
2022-09-03,6,6,11:00-15:00; 16:00-18:00,ecmwf_ifs
2022-09-04,11,3.5,09:00-19:00; 21:00-22:00,ecmwf_ifs
2022-09-05,10,15,10:00-19:00; 21:00-22:00,ecmwf_ifs
2022-09-06,15,4.7,08:00-20:00; 21:00-24:00,ecmwf_ifs
2022-09-07,18,9.4,00:00-03:00; 06:00-21:00,ecmwf_ifs
2022-09-08,10,3.7,07:00-10:00; 11:00-18:00,ecmwf_ifs
2022-09-09,8,5.1,10:00-12:00; 13:00-19:00,ecmwf_ifs
2022-09-10,5,1.7,10:00-15:00,ecmwf_ifs
2022-09-11,10,3.8,10:00-14:00; 15:00-21:00,ecmwf_ifs
2022-09-12,7,4.2,10:00-17:00,ecmwf_ifs
2022-09-13,9,2,08:00-17:00,ecmwf_ifs
2022-09-14,7,2.5,10:00-16:00; 19:00-20:00,ecmwf_ifs
2022-09-15,13,18.6,11:00-24:00,ecmwf_ifs
2022-09-16,18,7.3,01:00-05:00; 07:00-08:00; 09:00-19:00; 20:00-23:00,ecmwf_ifs
2022-09-17,8,5.2,01:00-02:00; 10:00-17:00,ecmwf_ifs
2022-09-18,5,1.4,09:00-13:00; 14:00-15:00,ecmwf_ifs
2022-09-19,7,7.9,08:00-09:00; 10:00-16:00,ecmwf_ifs
2022-09-20,11,10.4,08:00-19:00,ecmwf_ifs
2022-09-21,8,3.3,09:00-11:00; 12:00-16:00; 17:00-19:00,ecmwf_ifs
2022-09-22,19,3.3,00:00-18:00; 19:00-20:00,ecmwf_ifs
2022-09-23,7,1.9,10:00-16:00; 19:00-20:00,ecmwf_ifs
2022-09-24,11,7.6,09:00-16:00; 18:00-22:00,ecmwf_ifs
2022-09-25,11,14.7,09:00-20:00,ecmwf_ifs
2022-09-26,6,5,11:00-16:00; 21:00-22:00,ecmwf_ifs
2022-09-27,14,3.2,05:00-07:00; 09:00-14:00; 17:00-24:00,ecmwf_ifs
2022-09-28,24,10,00:00-24:00,ecmwf_ifs
2022-09-29,22,11.3,00:00-17:00; 19:00-24:00,ecmwf_ifs
2022-09-30,7,2.3,00:00-01:00; 10:00-13:00; 16:00-18:00; 22:00-23:00,ecmwf_ifs
2022-10-01,18,19.7,00:00-01:00; 07:00-24:00,ecmwf_ifs
2022-10-02,8,2,00:00-01:00; 09:00-10:00; 11:00-17:00,ecmwf_ifs
2022-10-03,6,1.2,08:00-09:00; 10:00-15:00,ecmwf_ifs
2022-10-04,6,3.1,08:00-14:00,ecmwf_ifs
2022-10-05,7,1.7,09:00-16:00,ecmwf_ifs
2022-10-06,9,7.3,09:00-17:00; 19:00-20:00,ecmwf_ifs
2022-10-07,5,2.3,11:00-16:00,ecmwf_ifs
2022-10-08,12,4,09:00-18:00; 19:00-20:00; 22:00-24:00,ecmwf_ifs
2022-10-09,12,7.2,00:00-04:00; 07:00-08:00; 09:00-16:00,ecmwf_ifs
2022-10-10,7,1.4,07:00-11:00; 12:00-15:00,ecmwf_ifs
2022-10-11,14,26.3,07:00-19:00; 22:00-24:00,ecmwf_ifs
2022-10-12,3,0.6,12:00-15:00,ecmwf_ifs
2022-10-13,12,6,10:00-17:00; 19:00-24:00,ecmwf_ifs
2022-10-14,14,8.1,00:00-14:00,ecmwf_ifs
2022-10-15,2,0.2,19:00-21:00,ecmwf_ifs
2022-10-16,6,1.3,10:00-14:00; 15:00-17:00,ecmwf_ifs
2022-10-17,9,17.7,06:00-07:00; 08:00-10:00; 11:00-17:00,ecmwf_ifs
2022-10-18,9,3.7,11:00-19:00; 22:00-23:00,ecmwf_ifs
2022-10-19,13,12.7,11:00-24:00,ecmwf_ifs
2022-10-20,15,6.1,00:00-07:00; 09:00-17:00,ecmwf_ifs
2022-10-21,1,0.1,12:00-13:00,ecmwf_ifs
2022-10-22,4,0.6,12:00-16:00,ecmwf_ifs
2022-10-23,9,12.4,09:00-16:00; 19:00-20:00; 21:00-22:00,ecmwf_ifs
2022-10-24,8,2.5,11:00-19:00,ecmwf_ifs
2022-10-25,8,2.3,08:00-16:00,ecmwf_ifs
2022-10-26,9,2.8,10:00-16:00; 20:00-21:00; 22:00-24:00,ecmwf_ifs
2022-10-27,7,2,00:00-02:00; 07:00-10:00; 11:00-12:00; 14:00-15:00,ecmwf_ifs
2022-10-28,0,0,,ecmwf_ifs
2022-10-29,6,1.2,10:00-16:00,ecmwf_ifs
2022-10-30,0,0,,ecmwf_ifs
2022-10-31,4,0.5,11:00-15:00,ecmwf_ifs
2022-11-01,3,0.4,19:00-22:00,ecmwf_ifs
2022-11-02,1,0.1,18:00-19:00,ecmwf_ifs
2022-11-03,11,5.7,08:00-19:00,ecmwf_ifs
2022-11-04,7,2.1,09:00-10:00; 11:00-17:00,ecmwf_ifs
2022-11-05,1,0.1,13:00-14:00,ecmwf_ifs
2022-11-06,5,1.3,11:00-16:00,ecmwf_ifs
2022-11-07,2,0.8,14:00-16:00,ecmwf_ifs
2022-11-08,0,0,,ecmwf_ifs
2022-11-09,1,0.1,13:00-14:00,ecmwf_ifs
2022-11-10,2,0.2,11:00-13:00,ecmwf_ifs
2022-11-11,0,0,,ecmwf_ifs
2022-11-12,10,3.8,09:00-16:00; 19:00-20:00; 21:00-23:00,ecmwf_ifs
2022-11-13,10,2.5,06:00-16:00,ecmwf_ifs
2022-11-14,0,0,,ecmwf_ifs
2022-11-15,0,0,,ecmwf_ifs
2022-11-16,3,0.8,11:00-14:00,ecmwf_ifs
2022-11-17,4,0.4,10:00-14:00,ecmwf_ifs
2022-11-18,3,0.6,10:00-13:00,ecmwf_ifs
2022-11-19,18,61.9,05:00-23:00,ecmwf_ifs
2022-11-20,19,43,00:00-19:00,ecmwf_ifs
2022-11-21,14,6.3,08:00-22:00,ecmwf_ifs
2022-11-22,16,22.9,04:00-05:00; 07:00-08:00; 09:00-23:00,ecmwf_ifs
2022-11-23,14,5.6,00:00-01:00; 06:00-19:00,ecmwf_ifs
2022-11-24,9,2.1,06:00-07:00; 09:00-17:00,ecmwf_ifs
2022-11-25,8,1.6,12:00-18:00; 20:00-22:00,ecmwf_ifs
2022-11-26,8,4.5,09:00-16:00; 17:00-18:00,ecmwf_ifs
2022-11-27,5,0.5,09:00-14:00,ecmwf_ifs
2022-11-28,5,1.7,11:00-16:00,ecmwf_ifs
2022-11-29,0,0,,ecmwf_ifs
2022-11-30,0,0,,ecmwf_ifs
2022-12-01,0,0,,ecmwf_ifs
2022-12-02,10,3,10:00-15:00; 19:00-24:00,ecmwf_ifs
2022-12-03,15,3.2,00:00-01:00; 10:00-24:00,ecmwf_ifs
2022-12-04,9,3.9,01:00-05:00; 07:00-12:00,ecmwf_ifs
2022-12-05,2,0.3,13:00-15:00,ecmwf_ifs
2022-12-06,4,0.6,11:00-15:00,ecmwf_ifs
2022-12-07,10,2.5,07:00-16:00; 21:00-22:00,ecmwf_ifs
2022-12-08,0,0,,ecmwf_ifs
2022-12-09,0,0,,ecmwf_ifs
2022-12-10,3,0.3,12:00-14:00; 15:00-16:00,ecmwf_ifs
2022-12-11,0,0,,ecmwf_ifs
2022-12-12,0,0,,ecmwf_ifs
2022-12-13,0,0,,ecmwf_ifs
2022-12-14,1,0.1,11:00-12:00,ecmwf_ifs
2022-12-15,0,0,,ecmwf_ifs
2022-12-16,0,0,,ecmwf_ifs
2022-12-17,2,0.2,09:00-11:00,ecmwf_ifs
2022-12-18,2,0.2,06:00-08:00,ecmwf_ifs
2022-12-19,0,0,,ecmwf_ifs
2022-12-20,0,0,,ecmwf_ifs
2022-12-21,0,0,,ecmwf_ifs
2022-12-22,0,0,,ecmwf_ifs
2022-12-23,0,0,,ecmwf_ifs
2022-12-24,0,0,,ecmwf_ifs
2022-12-25,0,0,,ecmwf_ifs
2022-12-26,3,0.5,14:00-17:00,ecmwf_ifs
2022-12-27,0,0,,ecmwf_ifs
2022-12-28,0,0,,ecmwf_ifs
2022-12-29,1,0.4,23:00-24:00,ecmwf_ifs
2022-12-30,1,0.4,00:00-01:00,ecmwf_ifs
2022-12-31,2,0.9,21:00-23:00,ecmwf_ifs
2023-01-01,4,0.5,11:00-15:00,ecmwf_ifs
2023-01-02,6,1,09:00-15:00,ecmwf_ifs
2023-01-03,3,0.5,12:00-15:00,ecmwf_ifs
2023-01-04,11,1.8,13:00-24:00,ecmwf_ifs
2023-01-05,23,13.5,00:00-23:00,ecmwf_ifs
2023-01-06,10,4,01:00-02:00; 05:00-06:00; 12:00-14:00; 18:00-24:00,ecmwf_ifs
2023-01-07,20,8,00:00-01:00; 02:00-03:00; 06:00-24:00,ecmwf_ifs
2023-01-08,19,8.8,00:00-01:00; 03:00-05:00; 07:00-08:00; 09:00-24:00,ecmwf_ifs
2023-01-09,24,10.8,00:00-24:00,ecmwf_ifs
2023-01-10,12,1.6,00:00-02:00; 07:00-17:00,ecmwf_ifs
2023-01-11,7,7.6,12:00-19:00,ecmwf_ifs
2023-01-12,8,3.1,10:00-18:00,ecmwf_ifs
2023-01-13,5,1.9,12:00-17:00,ecmwf_ifs
2023-01-14,0,0,,ecmwf_ifs
2023-01-15,7,1.3,16:00-23:00,ecmwf_ifs
2023-01-16,0,0,,ecmwf_ifs
2023-01-17,1,0.1,13:00-14:00,ecmwf_ifs
2023-01-18,0,0,,ecmwf_ifs
2023-01-19,0,0,,ecmwf_ifs
2023-01-20,0,0,,ecmwf_ifs
2023-01-21,0,0,,ecmwf_ifs
2023-01-22,0,0,,ecmwf_ifs
2023-01-23,0,0,,ecmwf_ifs
2023-01-24,1,0.1,14:00-15:00,ecmwf_ifs
2023-01-25,0,0,,ecmwf_ifs
2023-01-26,0,0,,ecmwf_ifs
2023-01-27,3,0.4,12:00-15:00,ecmwf_ifs
2023-01-28,0,0,,ecmwf_ifs
2023-01-29,0,0,,ecmwf_ifs
2023-01-30,0,0,,ecmwf_ifs
2023-01-31,0,0,,ecmwf_ifs
2023-02-01,7,2.2,12:00-19:00,ecmwf_ifs
2023-02-02,8,1.8,09:00-17:00,ecmwf_ifs
2023-02-03,0,0,,ecmwf_ifs
2023-02-04,0,0,,ecmwf_ifs
2023-02-05,0,0,,ecmwf_ifs
2023-02-06,0,0,,ecmwf_ifs
2023-02-07,0,0,,ecmwf_ifs
2023-02-08,5,1.8,11:00-16:00,ecmwf_ifs
2023-02-09,0,0,,ecmwf_ifs
2023-02-10,0,0,,ecmwf_ifs
2023-02-11,0,0,,ecmwf_ifs
2023-02-12,0,0,,ecmwf_ifs
2023-02-13,0,0,,ecmwf_ifs
2023-02-14,0,0,,ecmwf_ifs
2023-02-15,0,0,,ecmwf_ifs
2023-02-16,0,0,,ecmwf_ifs
2023-02-17,1,0.1,23:00-24:00,ecmwf_ifs
2023-02-18,11,2.7,01:00-02:00; 07:00-09:00; 10:00-17:00; 19:00-20:00,ecmwf_ifs
2023-02-19,7,3.8,11:00-18:00,ecmwf_ifs
2023-02-20,2,0.5,13:00-15:00,ecmwf_ifs
2023-02-21,2,0.3,12:00-14:00,ecmwf_ifs
2023-02-22,2,0.2,12:00-14:00,ecmwf_ifs
2023-02-23,0,0,,ecmwf_ifs
2023-02-24,0,0,,ecmwf_ifs
2023-02-25,0,0,,ecmwf_ifs
2023-02-26,0,0,,ecmwf_ifs
2023-02-27,0,0,,ecmwf_ifs
2023-02-28,0,0,,ecmwf_ifs
2023-03-01,0,0,,ecmwf_ifs
2023-03-02,0,0,,ecmwf_ifs
2023-03-03,0,0,,ecmwf_ifs
2023-03-04,0,0,,ecmwf_ifs
2023-03-05,0,0,,ecmwf_ifs
2023-03-06,0,0,,ecmwf_ifs
2023-03-07,0,0,,ecmwf_ifs
2023-03-08,0,0,,ecmwf_ifs
2023-03-09,0,0,,ecmwf_ifs
2023-03-10,0,0,,ecmwf_ifs
2023-03-11,0,0,,ecmwf_ifs
2023-03-12,0,0,,ecmwf_ifs
2023-03-13,0,0,,ecmwf_ifs
2023-03-14,0,0,,ecmwf_ifs
2023-03-15,0,0,,ecmwf_ifs
2023-03-16,0,0,,ecmwf_ifs
2023-03-17,0,0,,ecmwf_ifs
2023-03-18,6,0.9,11:00-17:00,ecmwf_ifs
2023-03-19,3,0.6,12:00-15:00,ecmwf_ifs
2023-03-20,5,1.1,11:00-16:00,ecmwf_ifs
2023-03-21,0,0,,ecmwf_ifs
2023-03-22,3,0.8,13:00-16:00,ecmwf_ifs
2023-03-23,3,0.7,14:00-17:00,ecmwf_ifs
2023-03-24,3,1.1,14:00-17:00,ecmwf_ifs
2023-03-25,0,0,,ecmwf_ifs
2023-03-26,1,0.1,13:00-14:00,ecmwf_ifs
2023-03-27,2,2,13:00-15:00,ecmwf_ifs
2023-03-28,4,0.5,10:00-13:00; 14:00-15:00,ecmwf_ifs
2023-03-29,0,0,,ecmwf_ifs
2023-03-30,4,1.3,11:00-12:00; 14:00-17:00,ecmwf_ifs
2023-03-31,4,0.5,11:00-15:00,ecmwf_ifs
2023-04-01,6,1,11:00-17:00,ecmwf_ifs
2023-04-02,1,0.1,11:00-12:00,ecmwf_ifs
2023-04-03,7,5.8,08:00-09:00; 10:00-15:00; 16:00-17:00,ecmwf_ifs
2023-04-04,3,1.1,13:00-16:00,ecmwf_ifs
2023-04-05,10,3.4,08:00-18:00,ecmwf_ifs
2023-04-06,6,0.6,07:00-08:00; 09:00-10:00; 12:00-16:00,ecmwf_ifs
2023-04-07,0,0,,ecmwf_ifs
2023-04-08,0,0,,ecmwf_ifs
2023-04-09,7,4.8,08:00-15:00,ecmwf_ifs
2023-04-10,9,2.8,08:00-17:00,ecmwf_ifs
2023-04-11,7,3.5,08:00-09:00; 11:00-16:00; 17:00-18:00,ecmwf_ifs
2023-04-12,4,0.5,13:00-17:00,ecmwf_ifs
2023-04-13,3,0.6,13:00-16:00,ecmwf_ifs
2023-04-14,5,1.3,08:00-09:00; 13:00-17:00,ecmwf_ifs
2023-04-15,9,3.1,07:00-15:00; 16:00-17:00,ecmwf_ifs
2023-04-16,5,1.5,09:00-10:00; 12:00-15:00; 19:00-20:00,ecmwf_ifs
2023-04-17,6,3.6,11:00-17:00,ecmwf_ifs
2023-04-18,0,0,,ecmwf_ifs
2023-04-19,5,1.2,11:00-16:00,ecmwf_ifs
2023-04-20,4,1.7,12:00-16:00,ecmwf_ifs
2023-04-21,4,1.7,10:00-11:00; 12:00-14:00; 15:00-16:00,ecmwf_ifs
2023-04-22,0,0,,ecmwf_ifs
2023-04-23,0,0,,ecmwf_ifs
2023-04-24,3,0.3,10:00-12:00; 14:00-15:00,ecmwf_ifs
2023-04-25,2,0.2,14:00-16:00,ecmwf_ifs
2023-04-26,0,0,,ecmwf_ifs
2023-04-27,6,1.8,10:00-16:00,ecmwf_ifs
2023-04-28,8,5.8,08:00-15:00; 16:00-17:00,ecmwf_ifs
2023-04-29,6,2.4,11:00-17:00,ecmwf_ifs
2023-04-30,7,7,09:00-16:00,ecmwf_ifs
2023-05-01,2,0.3,14:00-16:00,ecmwf_ifs
2023-05-02,6,4.5,10:00-16:00,ecmwf_ifs
2023-05-03,7,14.5,09:00-16:00,ecmwf_ifs
2023-05-04,0,0,,ecmwf_ifs
2023-05-05,11,3.4,08:00-18:00; 19:00-20:00,ecmwf_ifs
2023-05-06,6,1.4,10:00-14:00; 15:00-17:00,ecmwf_ifs
2023-05-07,8,10,09:00-17:00,ecmwf_ifs
2023-05-08,8,11.8,07:00-08:00; 11:00-15:00; 16:00-18:00; 23:00-24:00,ecmwf_ifs
2023-05-09,13,24.8,06:00-08:00; 09:00-20:00,ecmwf_ifs
2023-05-10,7,3.7,11:00-18:00,ecmwf_ifs
2023-05-11,7,11.4,10:00-16:00; 19:00-20:00,ecmwf_ifs
2023-05-12,6,3,08:00-09:00; 10:00-11:00; 12:00-16:00,ecmwf_ifs
2023-05-13,9,5.4,09:00-16:00; 19:00-21:00,ecmwf_ifs
2023-05-14,9,3.8,08:00-17:00,ecmwf_ifs
2023-05-15,5,1.2,12:00-17:00,ecmwf_ifs
2023-05-16,8,17.9,08:00-16:00,ecmwf_ifs
2023-05-17,6,7.4,10:00-16:00,ecmwf_ifs
2023-05-18,8,14.1,09:00-15:00; 16:00-18:00,ecmwf_ifs
2023-05-19,7,7.5,08:00-15:00,ecmwf_ifs
2023-05-20,7,29.7,09:00-16:00,ecmwf_ifs
2023-05-21,8,8.9,09:00-16:00; 17:00-18:00,ecmwf_ifs
2023-05-22,6,9.8,10:00-12:00; 14:00-17:00; 21:00-22:00,ecmwf_ifs
2023-05-23,6,6,12:00-18:00,ecmwf_ifs
2023-05-24,7,6.3,09:00-16:00,ecmwf_ifs
2023-05-25,10,2.7,07:00-15:00; 17:00-19:00,ecmwf_ifs
2023-05-26,9,16.1,09:00-18:00,ecmwf_ifs
2023-05-27,11,29.4,08:00-09:00; 10:00-20:00,ecmwf_ifs
2023-05-28,13,11.3,08:00-21:00,ecmwf_ifs
2023-05-29,6,1.5,08:00-10:00; 13:00-17:00,ecmwf_ifs
2023-05-30,8,2.9,09:00-17:00,ecmwf_ifs
2023-05-31,15,10.2,01:00-03:00; 06:00-16:00; 17:00-18:00; 21:00-23:00,ecmwf_ifs
2023-06-01,8,2.1,09:00-17:00,ecmwf_ifs
2023-06-02,9,1.4,04:00-06:00; 07:00-14:00,ecmwf_ifs
2023-06-03,7,6.1,11:00-14:00; 15:00-19:00,ecmwf_ifs
2023-06-04,8,3.5,09:00-16:00; 17:00-18:00,ecmwf_ifs
2023-06-05,7,4.5,11:00-13:00; 15:00-20:00,ecmwf_ifs
2023-06-06,10,11.7,07:00-08:00; 09:00-15:00; 18:00-19:00; 20:00-22:00,ecmwf_ifs
2023-06-07,3,0.3,13:00-16:00,ecmwf_ifs
2023-06-08,6,0.8,12:00-17:00; 18:00-19:00,ecmwf_ifs
2023-06-09,7,1,01:00-03:00; 11:00-14:00; 15:00-17:00,ecmwf_ifs
2023-06-10,6,0.9,12:00-14:00; 20:00-24:00,ecmwf_ifs
2023-06-11,7,1.3,01:00-07:00; 16:00-17:00,ecmwf_ifs
2023-06-12,9,5.3,10:00-19:00,ecmwf_ifs
2023-06-13,5,0.8,13:00-18:00,ecmwf_ifs
2023-06-14,4,0.4,03:00-04:00; 14:00-15:00; 16:00-18:00,ecmwf_ifs
2023-06-15,6,3.3,10:00-16:00,ecmwf_ifs
2023-06-16,13,13.4,09:00-18:00; 19:00-20:00; 21:00-24:00,ecmwf_ifs
2023-06-17,13,24,04:00-06:00; 07:00-16:00; 17:00-18:00; 19:00-20:00,ecmwf_ifs
2023-06-18,11,5.1,09:00-19:00; 23:00-24:00,ecmwf_ifs
2023-06-19,8,7.8,09:00-17:00,ecmwf_ifs
2023-06-20,7,6.6,12:00-19:00,ecmwf_ifs
2023-06-21,8,5.4,09:00-17:00,ecmwf_ifs
2023-06-22,8,10.8,09:00-17:00,ecmwf_ifs
2023-06-23,7,12.5,10:00-17:00,ecmwf_ifs
2023-06-24,9,3.8,07:00-11:00; 12:00-13:00; 14:00-18:00,ecmwf_ifs
2023-06-25,13,18.9,07:00-20:00,ecmwf_ifs
2023-06-26,16,3.7,07:00-20:00; 21:00-24:00,ecmwf_ifs
2023-06-27,12,10.5,07:00-19:00,ecmwf_ifs
2023-06-28,15,6.7,08:00-23:00,ecmwf_ifs
2023-06-29,7,2.9,11:00-14:00; 15:00-19:00,ecmwf_ifs
2023-06-30,13,5.5,08:00-21:00,ecmwf_ifs
2023-07-01,7,1.8,10:00-12:00; 14:00-19:00,ecmwf_ifs
2023-07-02,9,2.5,10:00-19:00,ecmwf_ifs
2023-07-03,8,4.9,11:00-19:00,ecmwf_ifs
2023-07-04,8,15.2,09:00-17:00,ecmwf_ifs
2023-07-05,9,5.6,09:00-18:00,ecmwf_ifs
2023-07-06,0,0,,ecmwf_ifs
2023-07-07,11,4.7,11:00-22:00,ecmwf_ifs
2023-07-08,9,3.1,09:00-18:00,ecmwf_ifs
2023-07-09,9,5.6,08:00-09:00; 10:00-18:00,ecmwf_ifs
2023-07-10,4,1,12:00-16:00,ecmwf_ifs
2023-07-11,10,12.7,08:00-15:00; 16:00-19:00,ecmwf_ifs
2023-07-12,10,8.1,09:00-19:00,ecmwf_ifs
2023-07-13,7,23.5,11:00-18:00,ecmwf_ifs
2023-07-14,4,0.8,10:00-11:00; 12:00-13:00; 16:00-17:00; 18:00-19:00,ecmwf_ifs
2023-07-15,6,1,10:00-15:00; 16:00-17:00,ecmwf_ifs
2023-07-16,24,6.1,00:00-24:00,ecmwf_ifs
2023-07-17,24,12.5,00:00-24:00,ecmwf_ifs
2023-07-18,19,5.7,00:00-19:00,ecmwf_ifs
2023-07-19,12,11.4,08:00-20:00,ecmwf_ifs
2023-07-20,15,11.3,08:00-23:00,ecmwf_ifs
2023-07-21,11,11.6,07:00-15:00; 16:00-19:00,ecmwf_ifs
2023-07-22,16,16,07:00-23:00,ecmwf_ifs
2023-07-23,9,3,10:00-19:00,ecmwf_ifs
2023-07-24,12,4.9,10:00-22:00,ecmwf_ifs
2023-07-25,18,5.5,01:00-06:00; 08:00-16:00; 17:00-22:00,ecmwf_ifs
2023-07-26,12,2.3,10:00-22:00,ecmwf_ifs
2023-07-27,20,15,04:00-24:00,ecmwf_ifs
2023-07-28,19,7.1,00:00-19:00,ecmwf_ifs
2023-07-29,16,4.2,05:00-18:00; 21:00-24:00,ecmwf_ifs
2023-07-30,18,7.1,00:00-17:00; 19:00-20:00,ecmwf_ifs
2023-07-31,14,3.3,06:00-15:00; 16:00-19:00; 22:00-24:00,ecmwf_ifs
2023-08-01,4,0.7,13:00-17:00,ecmwf_ifs
2023-08-02,5,0.5,03:00-05:00; 09:00-12:00,ecmwf_ifs
2023-08-03,17,3.8,07:00-24:00,ecmwf_ifs
2023-08-04,12,1.6,00:00-04:00; 10:00-14:00; 15:00-18:00; 20:00-21:00,ecmwf_ifs
2023-08-05,2,0.2,14:00-15:00; 21:00-22:00,ecmwf_ifs
2023-08-06,8,0.9,11:00-18:00; 21:00-22:00,ecmwf_ifs
2023-08-07,3,0.3,12:00-14:00; 22:00-23:00,ecmwf_ifs
2023-08-08,5,1,10:00-15:00,ecmwf_ifs
2023-08-09,5,1.2,11:00-16:00,ecmwf_ifs
2023-08-10,8,1.3,09:00-17:00,ecmwf_ifs
2023-08-11,7,0.9,10:00-17:00,ecmwf_ifs
2023-08-12,6,4.8,10:00-16:00,ecmwf_ifs
2023-08-13,9,7.1,08:00-17:00,ecmwf_ifs
2023-08-14,9,2.7,10:00-16:00; 18:00-21:00,ecmwf_ifs
2023-08-15,9,1.6,07:00-08:00; 09:00-15:00; 17:00-18:00; 19:00-20:00,ecmwf_ifs
2023-08-16,12,11,09:00-18:00; 19:00-20:00; 21:00-23:00,ecmwf_ifs
2023-08-17,10,5.8,09:00-17:00; 20:00-22:00,ecmwf_ifs
2023-08-18,13,12.2,09:00-10:00; 11:00-23:00,ecmwf_ifs
2023-08-19,11,20.6,08:00-19:00,ecmwf_ifs
2023-08-20,11,9.4,11:00-20:00; 21:00-23:00,ecmwf_ifs
2023-08-21,11,3.5,10:00-20:00; 21:00-22:00,ecmwf_ifs
2023-08-22,2,0.4,01:00-02:00; 13:00-14:00,ecmwf_ifs
2023-08-23,7,0.9,07:00-10:00; 11:00-15:00,ecmwf_ifs
2023-08-24,0,0,,ecmwf_ifs
2023-08-25,9,10.4,09:00-18:00,ecmwf_ifs
2023-08-26,5,3.9,09:00-10:00; 11:00-15:00,ecmwf_ifs
2023-08-27,6,11.6,11:00-17:00,ecmwf_ifs
2023-08-28,12,5.1,11:00-18:00; 19:00-24:00,ecmwf_ifs
2023-08-29,11,1.7,00:00-04:00; 08:00-13:00; 15:00-16:00; 17:00-18:00,ecmwf_ifs
2023-08-30,12,6,09:00-10:00; 11:00-12:00; 13:00-18:00; 19:00-24:00,ecmwf_ifs
2023-08-31,19,13.8,04:00-13:00; 14:00-24:00,ecmwf_ifs
2023-09-01,23,21.8,00:00-18:00; 19:00-24:00,ecmwf_ifs
2023-09-02,22,6.5,00:00-03:00; 04:00-21:00; 22:00-24:00,ecmwf_ifs
2023-09-03,17,3.7,00:00-04:00; 07:00-20:00,ecmwf_ifs
2023-09-04,23,10.4,00:00-03:00; 04:00-24:00,ecmwf_ifs
2023-09-05,16,4.3,00:00-03:00; 06:00-14:00; 15:00-18:00; 19:00-21:00,ecmwf_ifs
2023-09-06,4,0.6,13:00-16:00; 17:00-18:00,ecmwf_ifs
2023-09-07,9,2.3,08:00-15:00; 17:00-19:00,ecmwf_ifs
2023-09-08,8,6.7,10:00-18:00,ecmwf_ifs
2023-09-09,7,2.7,12:00-19:00,ecmwf_ifs
2023-09-10,15,4.3,03:00-04:00; 05:00-19:00,ecmwf_ifs
2023-09-11,7,2.4,10:00-15:00; 16:00-18:00,ecmwf_ifs
2023-09-12,8,1,08:00-11:00; 12:00-15:00; 16:00-18:00,ecmwf_ifs
2023-09-13,2,0.3,12:00-14:00,ecmwf_ifs
2023-09-14,7,2.2,12:00-19:00,ecmwf_ifs
2023-09-15,7,2.7,12:00-19:00,ecmwf_ifs
2023-09-16,7,4.5,09:00-16:00,ecmwf_ifs
2023-09-17,7,5.9,10:00-17:00,ecmwf_ifs
2023-09-18,8,30,09:00-17:00,ecmwf_ifs
2023-09-19,6,10,08:00-10:00; 11:00-15:00,ecmwf_ifs
2023-09-20,7,3.1,09:00-16:00,ecmwf_ifs
2023-09-21,8,15.7,09:00-17:00,ecmwf_ifs
2023-09-22,7,8.9,10:00-17:00,ecmwf_ifs
2023-09-23,8,5.2,10:00-18:00,ecmwf_ifs
2023-09-24,8,12.8,10:00-16:00; 22:00-24:00,ecmwf_ifs
2023-09-25,10,2.4,07:00-08:00; 12:00-19:00; 22:00-24:00,ecmwf_ifs
2023-09-26,19,7.4,00:00-02:00; 07:00-24:00,ecmwf_ifs
2023-09-27,18,3.5,00:00-07:00; 09:00-10:00; 11:00-16:00; 18:00-19:00; 20:00-24:00,ecmwf_ifs
2023-09-28,13,4.1,00:00-06:00; 10:00-16:00; 17:00-18:00,ecmwf_ifs
2023-09-29,9,8.3,10:00-17:00; 19:00-20:00; 23:00-24:00,ecmwf_ifs
2023-09-30,7,8,10:00-16:00; 17:00-18:00,ecmwf_ifs
2023-10-01,11,5.2,10:00-18:00; 21:00-24:00,ecmwf_ifs
2023-10-02,14,8.2,00:00-01:00; 07:00-19:00; 20:00-21:00,ecmwf_ifs
2023-10-03,10,6.2,08:00-18:00,ecmwf_ifs
2023-10-04,8,3.9,01:00-02:00; 11:00-18:00,ecmwf_ifs
2023-10-05,4,1,13:00-15:00; 16:00-18:00,ecmwf_ifs
2023-10-06,4,2.5,09:00-12:00; 13:00-14:00,ecmwf_ifs
2023-10-07,2,0.4,11:00-13:00,ecmwf_ifs
2023-10-08,5,4.3,11:00-13:00; 14:00-15:00; 17:00-19:00,ecmwf_ifs
2023-10-09,7,13.1,10:00-17:00,ecmwf_ifs
2023-10-10,9,4.3,08:00-17:00,ecmwf_ifs
2023-10-11,7,5.6,09:00-16:00,ecmwf_ifs
2023-10-12,10,13.1,08:00-18:00,ecmwf_ifs
2023-10-13,10,23.8,09:00-19:00,ecmwf_ifs
2023-10-14,9,5.9,08:00-17:00,ecmwf_ifs
2023-10-15,11,19.9,07:00-08:00; 09:00-17:00; 18:00-20:00,ecmwf_ifs
2023-10-16,10,4,08:00-15:00; 16:00-19:00,ecmwf_ifs
2023-10-17,7,2.4,11:00-18:00,ecmwf_ifs
2023-10-18,6,1.7,12:00-18:00,ecmwf_ifs
2023-10-19,8,13,08:00-16:00,ecmwf_ifs
2023-10-20,6,1.6,10:00-16:00,ecmwf_ifs
2023-10-21,7,16.5,09:00-16:00,ecmwf_ifs
2023-10-22,9,32.5,08:00-17:00,ecmwf_ifs
2023-10-23,11,26.6,09:00-20:00,ecmwf_ifs
2023-10-24,5,16.8,11:00-16:00,ecmwf_ifs
2023-10-25,9,4.3,08:00-17:00,ecmwf_ifs
2023-10-26,4,1.1,11:00-14:00; 15:00-16:00,ecmwf_ifs
2023-10-27,7,2.3,09:00-16:00,ecmwf_ifs
2023-10-28,6,6.6,10:00-16:00,ecmwf_ifs
2023-10-29,8,3.6,07:00-09:00; 11:00-17:00,ecmwf_ifs
2023-10-30,4,0.7,09:00-11:00; 12:00-14:00,ecmwf_ifs
2023-10-31,2,0.6,12:00-14:00,ecmwf_ifs
2023-11-01,1,0.1,15:00-16:00,ecmwf_ifs
2023-11-02,7,3.5,09:00-16:00,ecmwf_ifs
2023-11-03,6,10.2,09:00-10:00; 11:00-16:00,ecmwf_ifs
2023-11-04,5,8.1,11:00-16:00,ecmwf_ifs
2023-11-05,5,2.7,09:00-13:00; 14:00-15:00,ecmwf_ifs
2023-11-06,3,2.1,10:00-13:00,ecmwf_ifs
2023-11-07,11,3.2,01:00-02:00; 07:00-17:00,ecmwf_ifs
2023-11-08,6,6.8,09:00-15:00,ecmwf_ifs
2023-11-09,5,0.7,11:00-13:00; 14:00-17:00,ecmwf_ifs
2023-11-10,5,2.4,10:00-15:00,ecmwf_ifs
2023-11-11,5,0.6,09:00-13:00; 14:00-15:00,ecmwf_ifs
2023-11-12,6,3.1,09:00-15:00,ecmwf_ifs
2023-11-13,5,2.5,11:00-16:00,ecmwf_ifs
2023-11-14,6,2.5,09:00-15:00,ecmwf_ifs
2023-11-15,9,1.7,07:00-16:00,ecmwf_ifs
2023-11-16,13,2.5,04:00-07:00; 08:00-18:00,ecmwf_ifs
2023-11-17,0,0,,ecmwf_ifs
2023-11-18,0,0,,ecmwf_ifs
2023-11-19,0,0,,ecmwf_ifs
2023-11-20,1,0.1,15:00-16:00,ecmwf_ifs
2023-11-21,1,0.1,15:00-16:00,ecmwf_ifs
2023-11-22,1,0.1,14:00-15:00,ecmwf_ifs
2023-11-23,0,0,,ecmwf_ifs
2023-11-24,13,3.2,09:00-22:00,ecmwf_ifs
2023-11-25,6,1.2,10:00-12:00; 14:00-18:00,ecmwf_ifs
2023-11-26,1,0.1,13:00-14:00,ecmwf_ifs
2023-11-27,0,0,,ecmwf_ifs
2023-11-28,0,0,,ecmwf_ifs
2023-11-29,0,0,,ecmwf_ifs
2023-11-30,7,1.2,09:00-16:00,ecmwf_ifs
2023-12-01,0,0,,ecmwf_ifs
2023-12-02,5,0.5,07:00-09:00; 17:00-19:00; 23:00-24:00,ecmwf_ifs
2023-12-03,9,6.5,07:00-14:00; 15:00-17:00,ecmwf_ifs
2023-12-04,4,0.4,10:00-14:00,ecmwf_ifs
2023-12-05,4,0.5,11:00-15:00,ecmwf_ifs
2023-12-06,0,0,,ecmwf_ifs
2023-12-07,0,0,,ecmwf_ifs
2023-12-08,0,0,,ecmwf_ifs
2023-12-09,0,0,,ecmwf_ifs
2023-12-10,0,0,,ecmwf_ifs
2023-12-11,0,0,,ecmwf_ifs
2023-12-12,0,0,,ecmwf_ifs
2023-12-13,0,0,,ecmwf_ifs
2023-12-14,0,0,,ecmwf_ifs
2023-12-15,0,0,,ecmwf_ifs
2023-12-16,1,0.1,15:00-16:00,ecmwf_ifs
2023-12-17,0,0,,ecmwf_ifs
2023-12-18,3,0.4,11:00-14:00,ecmwf_ifs
2023-12-19,0,0,,ecmwf_ifs
2023-12-20,0,0,,ecmwf_ifs
2023-12-21,0,0,,ecmwf_ifs
2023-12-22,1,0.1,13:00-14:00,ecmwf_ifs
2023-12-23,8,1.5,07:00-09:00; 15:00-21:00,ecmwf_ifs
2023-12-24,0,0,,ecmwf_ifs
2023-12-25,0,0,,ecmwf_ifs
2023-12-26,0,0,,ecmwf_ifs
2023-12-27,0,0,,ecmwf_ifs
2023-12-28,0,0,,ecmwf_ifs
2023-12-29,4,1,12:00-16:00,ecmwf_ifs
2023-12-30,0,0,,ecmwf_ifs
2023-12-31,0,0,,ecmwf_ifs
2024-01-01,0,0,,ecmwf_ifs
2024-01-02,3,1.2,14:00-17:00,ecmwf_ifs
2024-01-03,0,0,,ecmwf_ifs
2024-01-04,0,0,,ecmwf_ifs
2024-01-05,0,0,,ecmwf_ifs
2024-01-06,2,0.8,13:00-15:00,ecmwf_ifs
2024-01-07,0,0,,ecmwf_ifs
2024-01-08,0,0,,ecmwf_ifs
2024-01-09,0,0,,ecmwf_ifs
2024-01-10,0,0,,ecmwf_ifs
2024-01-11,0,0,,ecmwf_ifs
2024-01-12,0,0,,ecmwf_ifs
2024-01-13,0,0,,ecmwf_ifs
2024-01-14,0,0,,ecmwf_ifs
2024-01-15,0,0,,ecmwf_ifs
2024-01-16,3,0.5,12:00-15:00,ecmwf_ifs
2024-01-17,0,0,,ecmwf_ifs
2024-01-18,2,0.3,13:00-15:00,ecmwf_ifs
2024-01-19,0,0,,ecmwf_ifs
2024-01-20,0,0,,ecmwf_ifs
2024-01-21,0,0,,ecmwf_ifs
2024-01-22,0,0,,ecmwf_ifs
2024-01-23,0,0,,ecmwf_ifs
2024-01-24,0,0,,ecmwf_ifs
2024-01-25,0,0,,ecmwf_ifs
2024-01-26,0,0,,ecmwf_ifs
2024-01-27,0,0,,ecmwf_ifs
2024-01-28,0,0,,ecmwf_ifs
2024-01-29,0,0,,ecmwf_ifs
2024-01-30,0,0,,ecmwf_ifs
2024-01-31,0,0,,ecmwf_ifs
2024-02-01,0,0,,ecmwf_ifs
2024-02-02,3,1.4,13:00-16:00,ecmwf_ifs
2024-02-03,0,0,,ecmwf_ifs
2024-02-04,3,0.8,14:00-17:00,ecmwf_ifs
2024-02-05,3,0.4,12:00-15:00,ecmwf_ifs
2024-02-06,1,0.1,16:00-17:00,ecmwf_ifs
2024-02-07,4,1.1,13:00-15:00; 16:00-18:00,ecmwf_ifs
2024-02-08,5,1.2,10:00-15:00,ecmwf_ifs
2024-02-09,0,0,,ecmwf_ifs
2024-02-10,0,0,,ecmwf_ifs
2024-02-11,0,0,,ecmwf_ifs
2024-02-12,0,0,,ecmwf_ifs
2024-02-13,0,0,,ecmwf_ifs
2024-02-14,0,0,,ecmwf_ifs
2024-02-15,0,0,,ecmwf_ifs
2024-02-16,0,0,,ecmwf_ifs
2024-02-17,0,0,,ecmwf_ifs
2024-02-18,0,0,,ecmwf_ifs
2024-02-19,7,1.3,10:00-17:00,ecmwf_ifs
2024-02-20,0,0,,ecmwf_ifs
2024-02-21,0,0,,ecmwf_ifs
2024-02-22,0,0,,ecmwf_ifs
2024-02-23,0,0,,ecmwf_ifs
2024-02-24,0,0,,ecmwf_ifs
2024-02-25,0,0,,ecmwf_ifs
2024-02-26,1,0.1,15:00-16:00,ecmwf_ifs
2024-02-27,4,0.5,11:00-14:00; 15:00-16:00,ecmwf_ifs
2024-02-28,0,0,,ecmwf_ifs
2024-02-29,0,0,,ecmwf_ifs
2024-03-01,0,0,,ecmwf_ifs
2024-03-02,0,0,,ecmwf_ifs
2024-03-03,4,0.8,13:00-17:00,ecmwf_ifs
2024-03-04,6,2.3,11:00-17:00,ecmwf_ifs
2024-03-05,5,1.3,11:00-16:00,ecmwf_ifs
2024-03-06,5,1.3,13:00-18:00,ecmwf_ifs
2024-03-07,0,0,,ecmwf_ifs
2024-03-08,0,0,,ecmwf_ifs
2024-03-09,0,0,,ecmwf_ifs
2024-03-10,0,0,,ecmwf_ifs
2024-03-11,0,0,,ecmwf_ifs
2024-03-12,1,0.1,15:00-16:00,ecmwf_ifs
2024-03-13,2,0.3,14:00-15:00; 16:00-17:00,ecmwf_ifs
2024-03-14,0,0,,ecmwf_ifs
2024-03-15,0,0,,ecmwf_ifs
2024-03-16,0,0,,ecmwf_ifs
2024-03-17,0,0,,ecmwf_ifs
2024-03-18,0,0,,ecmwf_ifs
2024-03-19,0,0,,ecmwf_ifs
2024-03-20,0,0,,ecmwf_ifs
2024-03-21,0,0,,ecmwf_ifs
2024-03-22,0,0,,ecmwf_ifs
2024-03-23,2,0.2,15:00-17:00,ecmwf_ifs
2024-03-24,2,0.2,16:00-17:00; 19:00-20:00,ecmwf_ifs
2024-03-25,5,0.8,02:00-03:00; 12:00-16:00,ecmwf_ifs
2024-03-26,0,0,,ecmwf_ifs
2024-03-27,4,1.6,13:00-17:00,ecmwf_ifs
2024-03-28,6,1,09:00-12:00; 13:00-16:00,ecmwf_ifs
2024-03-29,1,0.2,12:00-13:00,ecmwf_ifs
2024-03-30,4,3.8,12:00-16:00,ecmwf_ifs
2024-03-31,4,7.8,11:00-13:00; 14:00-16:00,ecmwf_ifs
2024-04-01,7,3.4,08:00-15:00,ecmwf_ifs
2024-04-02,1,0.1,15:00-16:00,ecmwf_ifs
2024-04-03,2,0.4,14:00-16:00,ecmwf_ifs
2024-04-04,1,0.1,14:00-15:00,ecmwf_ifs
2024-04-05,2,0.3,14:00-16:00,ecmwf_ifs
2024-04-06,0,0,,ecmwf_ifs
2024-04-07,4,1.5,13:00-17:00,ecmwf_ifs
2024-04-08,0,0,,ecmwf_ifs
2024-04-09,0,0,,ecmwf_ifs
2024-04-10,0,0,,ecmwf_ifs
2024-04-11,0,0,,ecmwf_ifs
2024-04-12,3,1.3,14:00-17:00,ecmwf_ifs
2024-04-13,2,0.3,13:00-15:00,ecmwf_ifs
2024-04-14,1,0.1,15:00-16:00,ecmwf_ifs
2024-04-15,0,0,,ecmwf_ifs
2024-04-16,0,0,,ecmwf_ifs
2024-04-17,4,0.6,13:00-17:00,ecmwf_ifs
2024-04-18,6,3.4,10:00-15:00; 16:00-17:00,ecmwf_ifs
2024-04-19,1,0.2,14:00-15:00,ecmwf_ifs
2024-04-20,4,1.3,11:00-14:00; 15:00-16:00,ecmwf_ifs
2024-04-21,7,1.8,08:00-12:00; 13:00-16:00,ecmwf_ifs
2024-04-22,8,6.5,08:00-12:00; 13:00-17:00,ecmwf_ifs
2024-04-23,4,0.7,12:00-14:00; 15:00-17:00,ecmwf_ifs
2024-04-24,2,0.6,15:00-17:00,ecmwf_ifs
2024-04-25,6,3.2,11:00-17:00,ecmwf_ifs
2024-04-26,4,0.6,08:00-09:00; 12:00-15:00,ecmwf_ifs
2024-04-27,2,0.4,14:00-16:00,ecmwf_ifs
2024-04-28,4,0.9,13:00-17:00,ecmwf_ifs
2024-04-29,0,0,,ecmwf_ifs
2024-04-30,2,0.2,12:00-14:00,ecmwf_ifs
2024-05-01,6,3.3,10:00-16:00,ecmwf_ifs
2024-05-02,7,6.3,00:00-04:00; 14:00-17:00,ecmwf_ifs
2024-05-03,4,1.3,13:00-17:00,ecmwf_ifs
2024-05-04,9,16.9,09:00-18:00,ecmwf_ifs
2024-05-05,6,13.2,09:00-14:00; 16:00-17:00,ecmwf_ifs
2024-05-06,0,0,,ecmwf_ifs
2024-05-07,9,3.7,09:00-18:00,ecmwf_ifs
2024-05-08,8,4,09:00-17:00,ecmwf_ifs
2024-05-09,7,9.1,10:00-17:00,ecmwf_ifs
2024-05-10,1,0.1,14:00-15:00,ecmwf_ifs
2024-05-11,5,3.2,10:00-13:00; 14:00-16:00,ecmwf_ifs
2024-05-12,8,1.5,08:00-16:00,ecmwf_ifs
2024-05-13,10,2.4,11:00-20:00; 23:00-24:00,ecmwf_ifs
2024-05-14,9,16.9,09:00-18:00,ecmwf_ifs
2024-05-15,7,5.9,09:00-16:00,ecmwf_ifs
2024-05-16,7,6.2,10:00-17:00,ecmwf_ifs
2024-05-17,7,3.1,10:00-12:00; 13:00-17:00; 19:00-20:00,ecmwf_ifs
2024-05-18,8,15.5,09:00-17:00,ecmwf_ifs
2024-05-19,6,9.7,12:00-18:00,ecmwf_ifs
2024-05-20,7,1.1,07:00-10:00; 16:00-19:00; 23:00-24:00,ecmwf_ifs
2024-05-21,7,10.2,11:00-18:00,ecmwf_ifs
2024-05-22,12,3.9,08:00-18:00; 19:00-20:00; 21:00-22:00,ecmwf_ifs
2024-05-23,11,6.4,07:00-09:00; 10:00-19:00,ecmwf_ifs
2024-05-24,10,2.2,10:00-19:00; 22:00-23:00,ecmwf_ifs
2024-05-25,5,0.8,12:00-17:00,ecmwf_ifs
2024-05-26,8,5.5,08:00-15:00; 17:00-18:00,ecmwf_ifs
2024-05-27,9,1.5,08:00-17:00,ecmwf_ifs
2024-05-28,8,1.8,08:00-13:00; 14:00-17:00,ecmwf_ifs
2024-05-29,8,1.4,10:00-15:00; 16:00-17:00; 19:00-20:00; 23:00-24:00,ecmwf_ifs
2024-05-30,11,3.7,13:00-24:00,ecmwf_ifs
2024-05-31,7,1.3,00:00-01:00; 10:00-16:00,ecmwf_ifs
2024-06-01,5,1.9,12:00-17:00,ecmwf_ifs
2024-06-02,6,5.9,10:00-15:00; 16:00-17:00,ecmwf_ifs
2024-06-03,10,14.8,09:00-19:00,ecmwf_ifs
2024-06-04,6,6.8,10:00-16:00,ecmwf_ifs
2024-06-05,6,11.8,08:00-10:00; 11:00-15:00,ecmwf_ifs
2024-06-06,5,6.2,09:00-11:00; 12:00-15:00,ecmwf_ifs
2024-06-07,9,12.3,08:00-16:00; 21:00-22:00,ecmwf_ifs
2024-06-08,7,19.1,10:00-17:00,ecmwf_ifs
2024-06-09,10,7.5,03:00-04:00; 08:00-17:00,ecmwf_ifs
2024-06-10,9,1.9,09:00-11:00; 12:00-16:00; 17:00-20:00,ecmwf_ifs
2024-06-11,0,0,,ecmwf_ifs
2024-06-12,2,1.7,13:00-15:00,ecmwf_ifs
2024-06-13,5,8.4,12:00-13:00; 14:00-16:00; 17:00-19:00,ecmwf_ifs
2024-06-14,5,12.1,10:00-15:00,ecmwf_ifs
2024-06-15,11,5.6,07:00-14:00; 19:00-21:00; 22:00-24:00,ecmwf_ifs
2024-06-16,8,3.3,09:00-17:00,ecmwf_ifs
2024-06-17,6,1.1,12:00-18:00,ecmwf_ifs
2024-06-18,9,5.3,10:00-17:00; 20:00-22:00,ecmwf_ifs
2024-06-19,7,3.4,14:00-16:00; 17:00-21:00; 22:00-23:00,ecmwf_ifs
2024-06-20,14,9.3,09:00-18:00; 19:00-24:00,ecmwf_ifs
2024-06-21,16,10.3,00:00-05:00; 08:00-19:00,ecmwf_ifs
2024-06-22,14,11.4,09:00-19:00; 20:00-24:00,ecmwf_ifs
2024-06-23,24,9.5,00:00-24:00,ecmwf_ifs
2024-06-24,14,4.3,03:00-09:00; 11:00-12:00; 13:00-19:00; 22:00-23:00,ecmwf_ifs
2024-06-25,9,6.3,08:00-10:00; 11:00-18:00,ecmwf_ifs
2024-06-26,8,17,09:00-17:00,ecmwf_ifs
2024-06-27,7,2.8,08:00-15:00,ecmwf_ifs
2024-06-28,8,4,10:00-18:00,ecmwf_ifs
2024-06-29,6,1.6,09:00-15:00,ecmwf_ifs
2024-06-30,5,1.2,11:00-16:00,ecmwf_ifs
2024-07-01,8,11.4,10:00-17:00; 18:00-19:00,ecmwf_ifs
2024-07-02,8,18.1,10:00-18:00,ecmwf_ifs
2024-07-03,15,18.9,09:00-24:00,ecmwf_ifs
2024-07-04,11,12.1,00:00-01:00; 03:00-05:00; 10:00-18:00,ecmwf_ifs
2024-07-05,9,28.8,09:00-18:00,ecmwf_ifs
2024-07-06,8,19.1,10:00-16:00; 19:00-20:00; 21:00-22:00,ecmwf_ifs
2024-07-07,10,9.7,09:00-18:00; 19:00-20:00,ecmwf_ifs
2024-07-08,5,2,10:00-14:00; 15:00-16:00,ecmwf_ifs
2024-07-09,12,17.3,07:00-19:00,ecmwf_ifs
2024-07-10,9,13.5,10:00-19:00,ecmwf_ifs
2024-07-11,6,7,10:00-14:00; 21:00-23:00,ecmwf_ifs
2024-07-12,9,1.4,13:00-18:00; 20:00-24:00,ecmwf_ifs
2024-07-13,11,1.4,00:00-03:00; 06:00-07:00; 09:00-12:00; 15:00-18:00; 22:00-23:00,ecmwf_ifs
2024-07-14,20,8.2,02:00-07:00; 09:00-24:00,ecmwf_ifs
2024-07-15,7,3.2,00:00-05:00; 13:00-14:00; 16:00-17:00,ecmwf_ifs
2024-07-16,15,4.3,09:00-24:00,ecmwf_ifs
2024-07-17,24,13.6,00:00-24:00,ecmwf_ifs
2024-07-18,22,6.2,00:00-17:00; 19:00-24:00,ecmwf_ifs
2024-07-19,18,4.4,00:00-08:00; 09:00-10:00; 11:00-14:00; 15:00-16:00; 17:00-18:00; 20:00-24:00,ecmwf_ifs
2024-07-20,21,19.8,01:00-03:00; 05:00-24:00,ecmwf_ifs
2024-07-21,14,2,01:00-08:00; 11:00-16:00; 17:00-18:00; 23:00-24:00,ecmwf_ifs
2024-07-22,17,4.4,07:00-24:00,ecmwf_ifs
2024-07-23,13,5.6,00:00-03:00; 04:00-05:00; 07:00-09:00; 11:00-17:00; 18:00-19:00,ecmwf_ifs
2024-07-24,22,4,01:00-10:00; 11:00-24:00,ecmwf_ifs
2024-07-25,20,6.7,00:00-07:00; 09:00-10:00; 11:00-14:00; 15:00-24:00,ecmwf_ifs
2024-07-26,24,19.6,00:00-24:00,ecmwf_ifs
2024-07-27,18,3,00:00-15:00; 16:00-19:00,ecmwf_ifs
2024-07-28,9,3,08:00-12:00; 13:00-18:00,ecmwf_ifs
2024-07-29,10,2,07:00-09:00; 10:00-18:00,ecmwf_ifs
2024-07-30,9,4,10:00-18:00; 19:00-20:00,ecmwf_ifs
2024-07-31,2,0.8,12:00-13:00; 18:00-19:00,ecmwf_ifs
2024-08-01,9,4.6,10:00-16:00; 17:00-18:00; 19:00-21:00,ecmwf_ifs
2024-08-02,5,9.4,11:00-16:00,ecmwf_ifs
2024-08-03,6,6.8,11:00-12:00; 13:00-17:00; 19:00-20:00,ecmwf_ifs
2024-08-04,10,11.5,11:00-18:00; 19:00-22:00,ecmwf_ifs
2024-08-05,13,40.3,08:00-21:00,ecmwf_ifs
2024-08-06,9,17,09:00-18:00,ecmwf_ifs
2024-08-07,12,6.8,07:00-15:00; 16:00-18:00; 20:00-22:00,ecmwf_ifs
2024-08-08,5,1.3,09:00-11:00; 14:00-17:00,ecmwf_ifs
2024-08-09,2,0.2,14:00-16:00,ecmwf_ifs
2024-08-10,6,2.7,09:00-11:00; 12:00-16:00,ecmwf_ifs
2024-08-11,4,6.1,11:00-14:00; 18:00-19:00,ecmwf_ifs
2024-08-12,8,3.6,09:00-16:00; 19:00-20:00,ecmwf_ifs
2024-08-13,5,6.2,11:00-16:00,ecmwf_ifs
2024-08-14,4,1.4,11:00-15:00,ecmwf_ifs
2024-08-15,10,3.6,08:00-18:00,ecmwf_ifs
2024-08-16,5,2.1,11:00-16:00,ecmwf_ifs
2024-08-17,6,4.7,10:00-15:00; 16:00-17:00,ecmwf_ifs
2024-08-18,6,2.8,11:00-17:00,ecmwf_ifs
2024-08-19,4,1.3,12:00-16:00,ecmwf_ifs
2024-08-20,6,3,10:00-13:00; 14:00-17:00,ecmwf_ifs
2024-08-21,8,3.9,10:00-18:00,ecmwf_ifs
2024-08-22,6,1.2,12:00-17:00; 19:00-20:00,ecmwf_ifs
2024-08-23,7,0.9,10:00-16:00; 18:00-19:00,ecmwf_ifs
2024-08-24,6,3.4,10:00-16:00,ecmwf_ifs
2024-08-25,9,3.7,09:00-17:00; 19:00-20:00,ecmwf_ifs
2024-08-26,10,17.9,10:00-20:00,ecmwf_ifs
2024-08-27,11,22.6,09:00-20:00,ecmwf_ifs
2024-08-28,9,10.9,10:00-19:00,ecmwf_ifs
2024-08-29,4,0.6,12:00-16:00,ecmwf_ifs
2024-08-30,7,4.4,12:00-19:00,ecmwf_ifs
2024-08-31,14,12.7,10:00-24:00,ecmwf_ifs
2024-09-01,16,18.5,00:00-02:00; 03:00-05:00; 09:00-11:00; 12:00-22:00,ecmwf_ifs
2024-09-02,9,4.6,10:00-19:00,ecmwf_ifs
2024-09-03,15,11.6,01:00-02:00; 03:00-06:00; 07:00-17:00; 18:00-19:00,ecmwf_ifs
2024-09-04,18,11.9,06:00-24:00,ecmwf_ifs
2024-09-05,19,11.7,00:00-08:00; 09:00-15:00; 16:00-20:00; 23:00-24:00,ecmwf_ifs
2024-09-06,17,5.2,00:00-01:00; 06:00-22:00,ecmwf_ifs
2024-09-07,19,5.7,00:00-19:00,ecmwf_ifs
2024-09-08,12,2.8,00:00-04:00; 08:00-10:00; 11:00-17:00,ecmwf_ifs
2024-09-09,8,12.5,09:00-17:00,ecmwf_ifs
2024-09-10,10,15.7,08:00-10:00; 11:00-16:00; 17:00-20:00,ecmwf_ifs
2024-09-11,9,11.4,10:00-11:00; 12:00-18:00; 20:00-22:00,ecmwf_ifs
2024-09-12,9,19.7,09:00-15:00; 16:00-17:00; 19:00-21:00,ecmwf_ifs
2024-09-13,11,14.1,10:00-18:00; 20:00-23:00,ecmwf_ifs
2024-09-14,15,2.7,08:00-18:00; 19:00-24:00,ecmwf_ifs
2024-09-15,19,16,00:00-09:00; 12:00-22:00,ecmwf_ifs
2024-09-16,13,16.1,08:00-21:00,ecmwf_ifs
2024-09-17,21,27.5,00:00-03:00; 06:00-24:00,ecmwf_ifs
2024-09-18,16,6.9,00:00-07:00; 11:00-19:00; 20:00-21:00,ecmwf_ifs
2024-09-19,18,6.4,01:00-03:00; 07:00-19:00; 20:00-24:00,ecmwf_ifs
2024-09-20,24,18,00:00-24:00,ecmwf_ifs
2024-09-21,24,35.5,00:00-24:00,ecmwf_ifs
2024-09-22,17,7,00:00-04:00; 07:00-20:00,ecmwf_ifs
2024-09-23,5,0.6,12:00-16:00; 19:00-20:00,ecmwf_ifs
2024-09-24,4,1.3,13:00-17:00,ecmwf_ifs
2024-09-25,6,2.5,10:00-16:00,ecmwf_ifs
2024-09-26,10,21.2,10:00-15:00; 16:00-21:00,ecmwf_ifs
2024-09-27,8,2.3,09:00-17:00,ecmwf_ifs
2024-09-28,5,1.9,11:00-16:00,ecmwf_ifs
2024-09-29,10,26,08:00-18:00,ecmwf_ifs
2024-09-30,8,14.7,09:00-17:00,ecmwf_ifs
2024-10-01,8,3.1,09:00-17:00,ecmwf_ifs
2024-10-02,9,18.7,08:00-17:00,ecmwf_ifs
2024-10-03,7,9,08:00-09:00; 10:00-16:00,ecmwf_ifs
2024-10-04,6,4.4,10:00-16:00,ecmwf_ifs
2024-10-05,9,9.2,08:00-17:00,ecmwf_ifs
2024-10-06,8,12.3,08:00-16:00,ecmwf_ifs
2024-10-07,8,20.6,08:00-16:00,ecmwf_ifs
2024-10-08,10,17.8,09:00-15:00; 16:00-19:00; 20:00-21:00,ecmwf_ifs
2024-10-09,7,8.7,10:00-17:00,ecmwf_ifs
2024-10-10,2,0.2,12:00-14:00,ecmwf_ifs
2024-10-11,9,10.7,08:00-17:00,ecmwf_ifs
2024-10-12,9,13.8,08:00-17:00,ecmwf_ifs
2024-10-13,5,2,11:00-16:00,ecmwf_ifs
2024-10-14,7,17.1,10:00-17:00,ecmwf_ifs
2024-10-15,14,20.7,08:00-20:00; 21:00-23:00,ecmwf_ifs
2024-10-16,13,12.6,09:00-22:00,ecmwf_ifs
2024-10-17,13,15.6,06:00-19:00,ecmwf_ifs
2024-10-18,7,2,10:00-16:00; 17:00-18:00,ecmwf_ifs
2024-10-19,7,9.9,10:00-17:00,ecmwf_ifs
2024-10-20,12,8.6,09:00-21:00,ecmwf_ifs
2024-10-21,9,7,08:00-17:00,ecmwf_ifs
2024-10-22,13,5.2,10:00-15:00; 16:00-24:00,ecmwf_ifs
2024-10-23,4,0.6,00:00-03:00; 04:00-05:00,ecmwf_ifs
2024-10-24,2,0.2,14:00-15:00; 20:00-21:00,ecmwf_ifs
2024-10-25,0,0,,ecmwf_ifs
2024-10-26,0,0,,ecmwf_ifs
2024-10-27,22,18.3,02:00-24:00,ecmwf_ifs
2024-10-28,18,10.1,00:00-18:00,ecmwf_ifs
2024-10-29,15,3.2,00:00-04:00; 06:00-17:00,ecmwf_ifs
2024-10-30,5,1.3,11:00-16:00,ecmwf_ifs
2024-10-31,3,0.4,13:00-16:00,ecmwf_ifs
2024-11-01,14,59,10:00-24:00,ecmwf_ifs
2024-11-02,18,30.5,00:00-07:00; 10:00-17:00; 20:00-24:00,ecmwf_ifs
2024-11-03,13,6.1,00:00-04:00; 08:00-17:00,ecmwf_ifs
2024-11-04,6,0.9,09:00-15:00,ecmwf_ifs
2024-11-05,6,4.9,09:00-15:00,ecmwf_ifs
2024-11-06,8,2.1,10:00-16:00; 20:00-22:00,ecmwf_ifs
2024-11-07,1,0.5,07:00-08:00,ecmwf_ifs
2024-11-08,4,1.2,14:00-18:00,ecmwf_ifs
2024-11-09,0,0,,ecmwf_ifs
2024-11-10,4,1.5,11:00-15:00,ecmwf_ifs
2024-11-11,6,1.3,12:00-18:00,ecmwf_ifs
2024-11-12,7,4.5,10:00-17:00,ecmwf_ifs
2024-11-13,6,0.7,09:00-15:00,ecmwf_ifs
2024-11-14,3,0.5,13:00-16:00,ecmwf_ifs
2024-11-15,4,0.7,13:00-17:00,ecmwf_ifs
2024-11-16,4,1.4,12:00-16:00,ecmwf_ifs
2024-11-17,0,0,,ecmwf_ifs
2024-11-18,0,0,,ecmwf_ifs
2024-11-19,2,0.7,13:00-15:00,ecmwf_ifs
2024-11-20,0,0,,ecmwf_ifs
2024-11-21,1,0.1,11:00-12:00,ecmwf_ifs
2024-11-22,0,0,,ecmwf_ifs
2024-11-23,0,0,,ecmwf_ifs
2024-11-24,2,0.6,13:00-15:00,ecmwf_ifs
2024-11-25,0,0,,ecmwf_ifs
2024-11-26,0,0,,ecmwf_ifs
2024-11-27,2,0.2,08:00-10:00,ecmwf_ifs
2024-11-28,0,0,,ecmwf_ifs
2024-11-29,0,0,,ecmwf_ifs
2024-11-30,7,1.4,05:00-07:00; 12:00-17:00,ecmwf_ifs
2024-12-01,6,2.2,09:00-15:00,ecmwf_ifs
2024-12-02,0,0,,ecmwf_ifs
2024-12-03,5,3.7,02:00-03:00; 05:00-09:00,ecmwf_ifs
2024-12-04,2,0.7,17:00-19:00,ecmwf_ifs
2024-12-05,0,0,,ecmwf_ifs
2024-12-06,5,1.9,09:00-12:00; 13:00-15:00,ecmwf_ifs
2024-12-07,1,0.1,00:00-01:00,ecmwf_ifs
2024-12-08,0,0,,ecmwf_ifs
2024-12-09,0,0,,ecmwf_ifs
2024-12-10,15,12.4,06:00-07:00; 09:00-19:00; 20:00-24:00,ecmwf_ifs
2024-12-11,18,10.8,00:00-02:00; 03:00-19:00,ecmwf_ifs
2024-12-12,13,4.9,07:00-16:00; 17:00-19:00; 22:00-24:00,ecmwf_ifs
2024-12-13,22,10.7,00:00-22:00,ecmwf_ifs
2024-12-14,16,12.2,08:00-24:00,ecmwf_ifs
2024-12-15,23,30.5,00:00-23:00,ecmwf_ifs
2024-12-16,0,0,,ecmwf_ifs
2024-12-17,0,0,,ecmwf_ifs
2024-12-18,0,0,,ecmwf_ifs
2024-12-19,0,0,,ecmwf_ifs
2024-12-20,0,0,,ecmwf_ifs
2024-12-21,0,0,,ecmwf_ifs
2024-12-22,4,0.4,15:00-19:00,ecmwf_ifs
2024-12-23,1,0.1,23:00-24:00,ecmwf_ifs
2024-12-24,8,2.2,04:00-05:00; 07:00-09:00; 11:00-15:00; 20:00-21:00,ecmwf_ifs
2024-12-25,5,12.2,03:00-07:00; 15:00-16:00,ecmwf_ifs
2024-12-26,5,1.5,13:00-15:00; 17:00-19:00; 20:00-21:00,ecmwf_ifs
2024-12-27,7,3.8,06:00-07:00; 13:00-19:00,ecmwf_ifs
2024-12-28,0,0,,ecmwf_ifs
2024-12-29,0,0,,ecmwf_ifs
2024-12-30,1,0.1,16:00-17:00,ecmwf_ifs
2024-12-31,1,0.1,07:00-08:00,ecmwf_ifs
2025-01-01,8,2.3,03:00-05:00; 06:00-07:00; 09:00-10:00; 12:00-16:00,ecmwf_ifs
2025-01-02,4,1.4,11:00-15:00,ecmwf_ifs
2025-01-03,0,0,,ecmwf_ifs
2025-01-04,0,0,,ecmwf_ifs
2025-01-05,0,0,,ecmwf_ifs
2025-01-06,0,0,,ecmwf_ifs
2025-01-07,3,0.4,13:00-16:00,ecmwf_ifs
2025-01-08,0,0,,ecmwf_ifs
2025-01-09,0,0,,ecmwf_ifs
2025-01-10,0,0,,ecmwf_ifs
2025-01-11,0,0,,ecmwf_ifs
2025-01-12,0,0,,ecmwf_ifs
2025-01-13,0,0,,ecmwf_ifs
2025-01-14,6,0.8,12:00-18:00,ecmwf_ifs
2025-01-15,0,0,,ecmwf_ifs
2025-01-16,0,0,,ecmwf_ifs
2025-01-17,0,0,,ecmwf_ifs
2025-01-18,0,0,,ecmwf_ifs
2025-01-19,0,0,,ecmwf_ifs
2025-01-20,0,0,,ecmwf_ifs
2025-01-21,0,0,,ecmwf_ifs
2025-01-22,0,0,,ecmwf_ifs
2025-01-23,0,0,,ecmwf_ifs
2025-01-24,0,0,,ecmwf_ifs
2025-01-25,0,0,,ecmwf_ifs
2025-01-26,0,0,,ecmwf_ifs
2025-01-27,0,0,,ecmwf_ifs
2025-01-28,0,0,,ecmwf_ifs
2025-01-29,0,0,,ecmwf_ifs
2025-01-30,0,0,,ecmwf_ifs
2025-01-31,0,0,,ecmwf_ifs
2025-02-01,0,0,,ecmwf_ifs
2025-02-02,0,0,,ecmwf_ifs
2025-02-03,0,0,,ecmwf_ifs
2025-02-04,0,0,,ecmwf_ifs
2025-02-05,0,0,,ecmwf_ifs
2025-02-06,0,0,,ecmwf_ifs
2025-02-07,0,0,,ecmwf_ifs
2025-02-08,0,0,,ecmwf_ifs
2025-02-09,0,0,,ecmwf_ifs
2025-02-10,0,0,,ecmwf_ifs
2025-02-11,10,13.8,09:00-19:00,ecmwf_ifs
2025-02-12,8,6.8,09:00-16:00; 17:00-18:00,ecmwf_ifs
2025-02-13,10,3.4,09:00-18:00; 19:00-20:00,ecmwf_ifs
2025-02-14,5,4.5,13:00-18:00,ecmwf_ifs
2025-02-15,10,4.5,09:00-19:00,ecmwf_ifs
2025-02-16,6,1.2,10:00-16:00,ecmwf_ifs
2025-02-17,3,0.6,14:00-17:00,ecmwf_ifs
2025-02-18,8,2.7,10:00-18:00,ecmwf_ifs
2025-02-19,7,2.4,05:00-07:00; 12:00-17:00,ecmwf_ifs
2025-02-20,5,2.5,11:00-16:00,ecmwf_ifs
2025-02-21,1,0.1,14:00-15:00,ecmwf_ifs
2025-02-22,2,0.2,12:00-14:00,ecmwf_ifs
2025-02-23,16,7.1,07:00-18:00; 19:00-24:00,ecmwf_ifs
2025-02-24,12,2.6,00:00-02:00; 04:00-07:00; 08:00-15:00,ecmwf_ifs
2025-02-25,1,0.1,13:00-14:00,ecmwf_ifs
2025-02-26,4,2,01:00-03:00; 13:00-15:00,ecmwf_ifs
2025-02-27,2,0.3,14:00-16:00,ecmwf_ifs
2025-02-28,5,0.9,12:00-17:00,ecmwf_ifs
2025-03-01,4,1.4,13:00-17:00,ecmwf_ifs
2025-03-02,0,0,,ecmwf_ifs
2025-03-03,2,0.3,14:00-16:00,ecmwf_ifs
2025-03-04,9,3.5,09:00-18:00,ecmwf_ifs
2025-03-05,8,5.7,09:00-17:00,ecmwf_ifs
2025-03-06,0,0,,ecmwf_ifs
2025-03-07,5,1.2,11:00-16:00,ecmwf_ifs
2025-03-08,0,0,,ecmwf_ifs
2025-03-09,12,4.4,06:00-07:00; 09:00-10:00; 12:00-14:00; 15:00-23:00,ecmwf_ifs
2025-03-10,3,0.3,10:00-12:00; 13:00-14:00,ecmwf_ifs
2025-03-11,0,0,,ecmwf_ifs
2025-03-12,6,3.1,10:00-16:00,ecmwf_ifs
2025-03-13,0,0,,ecmwf_ifs
2025-03-14,0,0,,ecmwf_ifs
2025-03-15,2,0.3,14:00-16:00,ecmwf_ifs
2025-03-16,4,1.1,13:00-17:00,ecmwf_ifs
2025-03-17,6,2.7,10:00-16:00,ecmwf_ifs
2025-03-18,0,0,,ecmwf_ifs
2025-03-19,0,0,,ecmwf_ifs
2025-03-20,0,0,,ecmwf_ifs
2025-03-21,0,0,,ecmwf_ifs
2025-03-22,0,0,,ecmwf_ifs
2025-03-23,2,0.2,14:00-16:00,ecmwf_ifs
2025-03-24,2,0.2,14:00-16:00,ecmwf_ifs
2025-03-25,0,0,,ecmwf_ifs
2025-03-26,0,0,,ecmwf_ifs
2025-03-27,0,0,,ecmwf_ifs
2025-03-28,3,0.5,12:00-15:00,ecmwf_ifs
2025-03-29,5,0.7,12:00-17:00,ecmwf_ifs
2025-03-30,8,1.6,07:00-08:00; 09:00-16:00,ecmwf_ifs
2025-03-31,9,8.8,08:00-14:00; 19:00-22:00,ecmwf_ifs
2025-04-01,3,0.7,02:00-05:00,ecmwf_ifs
2025-04-02,2,0.3,01:00-03:00,ecmwf_ifs
2025-04-03,1,0.1,16:00-17:00,ecmwf_ifs
2025-04-04,0,0,,ecmwf_ifs
2025-04-05,6,3.1,11:00-17:00,ecmwf_ifs
2025-04-06,2,0.2,14:00-16:00,ecmwf_ifs
2025-04-07,0,0,,ecmwf_ifs
2025-04-08,2,0.5,12:00-14:00,ecmwf_ifs
2025-04-09,5,1.4,11:00-16:00,ecmwf_ifs
2025-04-10,3,1,14:00-17:00,ecmwf_ifs
2025-04-11,4,7.3,12:00-16:00,ecmwf_ifs
2025-04-12,8,1.7,09:00-17:00,ecmwf_ifs
2025-04-13,5,13.5,10:00-15:00,ecmwf_ifs
2025-04-14,6,11.1,10:00-16:00,ecmwf_ifs
2025-04-15,4,0.6,13:00-17:00,ecmwf_ifs
2025-04-16,11,2.3,09:00-17:00; 19:00-22:00,ecmwf_ifs
2025-04-17,9,2.8,07:00-16:00,ecmwf_ifs
2025-04-18,2,0.2,14:00-16:00,ecmwf_ifs
2025-04-19,2,0.2,14:00-16:00,ecmwf_ifs
2025-04-20,0,0,,ecmwf_ifs
2025-04-21,5,1.3,12:00-17:00,ecmwf_ifs
2025-04-22,2,0.5,14:00-16:00,ecmwf_ifs
2025-04-23,7,3.3,10:00-17:00,ecmwf_ifs
2025-04-24,6,2.6,11:00-14:00; 15:00-18:00,ecmwf_ifs
2025-04-25,7,18.2,09:00-16:00,ecmwf_ifs
2025-04-26,6,6.7,11:00-17:00,ecmwf_ifs
2025-04-27,0,0,,ecmwf_ifs
2025-04-28,0,0,,ecmwf_ifs
2025-04-29,0,0,,ecmwf_ifs
2025-04-30,3,1.2,14:00-17:00,ecmwf_ifs
2025-05-01,7,15.4,09:00-16:00,ecmwf_ifs
2025-05-02,7,8.8,10:00-17:00,ecmwf_ifs
2025-05-03,8,10.3,10:00-16:00; 19:00-21:00,ecmwf_ifs
2025-05-04,6,2.3,11:00-17:00,ecmwf_ifs
2025-05-05,5,1.6,12:00-17:00,ecmwf_ifs
2025-05-06,7,3.3,09:00-12:00; 13:00-17:00,ecmwf_ifs
2025-05-07,5,2.3,09:00-12:00; 13:00-15:00,ecmwf_ifs
2025-05-08,6,5.3,09:00-10:00; 11:00-16:00,ecmwf_ifs
2025-05-09,4,12.5,09:00-11:00; 12:00-14:00,ecmwf_ifs
2025-05-10,7,12.6,08:00-10:00; 11:00-16:00,ecmwf_ifs
2025-05-11,11,3.2,09:00-20:00,ecmwf_ifs
2025-05-12,10,18.5,08:00-18:00,ecmwf_ifs
2025-05-13,8,6.8,08:00-11:00; 12:00-16:00; 19:00-20:00,ecmwf_ifs
2025-05-14,6,4.4,11:00-17:00,ecmwf_ifs
2025-05-15,5,1.1,08:00-11:00; 13:00-15:00,ecmwf_ifs
2025-05-16,6,6.3,10:00-16:00,ecmwf_ifs
2025-05-17,6,9.7,08:00-14:00,ecmwf_ifs
2025-05-18,8,3.4,09:00-17:00,ecmwf_ifs
2025-05-19,10,4.5,08:00-18:00,ecmwf_ifs
2025-05-20,7,5.4,11:00-17:00; 19:00-20:00,ecmwf_ifs
2025-05-21,12,12.7,07:00-08:00; 09:00-20:00,ecmwf_ifs
2025-05-22,13,21.2,00:00-02:00; 08:00-17:00; 18:00-19:00; 23:00-24:00,ecmwf_ifs
2025-05-23,10,8.5,08:00-18:00,ecmwf_ifs
2025-05-24,10,2.7,07:00-17:00,ecmwf_ifs
2025-05-25,8,5.2,10:00-18:00,ecmwf_ifs
2025-05-26,9,2.9,10:00-19:00,ecmwf_ifs
2025-05-27,9,18.2,08:00-10:00; 11:00-18:00,ecmwf_ifs
2025-05-28,17,28.9,07:00-24:00,ecmwf_ifs
2025-05-29,15,8.5,00:00-04:00; 09:00-17:00; 19:00-21:00; 23:00-24:00,ecmwf_ifs
2025-05-30,8,2.1,02:00-03:00; 04:00-05:00; 09:00-11:00; 14:00-18:00,ecmwf_ifs
2025-05-31,5,1.6,12:00-14:00; 17:00-20:00,ecmwf_ifs
2025-06-01,2,0.2,14:00-15:00; 23:00-24:00,ecmwf_ifs
2025-06-02,9,1,00:00-04:00; 07:00-09:00; 11:00-12:00; 13:00-14:00; 17:00-18:00,ecmwf_ifs
2025-06-03,4,1.8,12:00-13:00; 14:00-17:00,ecmwf_ifs
2025-06-04,7,9.2,11:00-18:00,ecmwf_ifs
2025-06-05,8,11.3,12:00-15:00; 16:00-18:00; 21:00-24:00,ecmwf_ifs
2025-06-06,11,10.6,00:00-03:00; 09:00-16:00; 17:00-18:00,ecmwf_ifs
2025-06-07,9,23.1,08:00-16:00; 18:00-19:00,ecmwf_ifs
2025-06-08,7,8.6,09:00-16:00,ecmwf_ifs
2025-06-09,11,18.3,10:00-19:00; 21:00-23:00,ecmwf_ifs
2025-06-10,11,4.8,06:00-17:00,ecmwf_ifs
2025-06-11,21,11.9,02:00-05:00; 06:00-24:00,ecmwf_ifs
2025-06-12,22,4.5,00:00-06:00; 08:00-24:00,ecmwf_ifs
2025-06-13,21,6.9,00:00-21:00,ecmwf_ifs
2025-06-14,6,0.8,10:00-15:00; 16:00-17:00,ecmwf_ifs
2025-06-15,6,7.7,03:00-04:00; 10:00-14:00; 17:00-18:00,ecmwf_ifs
2025-06-16,5,5.3,08:00-09:00; 11:00-15:00,ecmwf_ifs
2025-06-17,7,2.9,11:00-17:00; 19:00-20:00,ecmwf_ifs
2025-06-18,9,29.3,08:00-17:00,ecmwf_ifs
2025-06-19,8,1.8,09:00-17:00,ecmwf_ifs
2025-06-20,9,25,09:00-18:00,ecmwf_ifs
2025-06-21,11,20.6,10:00-21:00,ecmwf_ifs
2025-06-22,9,2.9,07:00-09:00; 12:00-19:00,ecmwf_ifs
2025-06-23,3,0.4,09:00-11:00; 17:00-18:00,ecmwf_ifs
2025-06-24,8,3,11:00-19:00,ecmwf_ifs
2025-06-25,8,18.1,10:00-16:00; 17:00-18:00; 19:00-20:00,ecmwf_ifs
2025-06-26,8,3.4,08:00-09:00; 11:00-16:00; 17:00-19:00,ecmwf_ifs
2025-06-27,7,2.4,10:00-11:00; 12:00-18:00,ecmwf_ifs
2025-06-28,8,1.4,08:00-16:00,ecmwf_ifs
2025-06-29,0,0,,ecmwf_ifs
2025-06-30,6,7.6,10:00-16:00,ecmwf_ifs
2025-07-01,10,20.2,10:00-20:00,ecmwf_ifs
2025-07-02,10,12.1,09:00-19:00,ecmwf_ifs
2025-07-03,2,1,11:00-13:00,ecmwf_ifs
2025-07-04,3,1.3,14:00-15:00; 17:00-19:00,ecmwf_ifs
2025-07-05,5,1.5,10:00-14:00; 15:00-16:00,ecmwf_ifs
2025-07-06,4,1.1,10:00-14:00,ecmwf_ifs
2025-07-07,10,5.7,08:00-10:00; 11:00-19:00,ecmwf_ifs
2025-07-08,9,3.8,02:00-04:00; 05:00-06:00; 08:00-14:00,ecmwf_ifs
2025-07-09,6,3.9,10:00-15:00; 17:00-18:00,ecmwf_ifs
2025-07-10,10,2,09:00-18:00; 19:00-20:00,ecmwf_ifs
2025-07-11,15,2.2,00:00-07:00; 08:00-16:00,ecmwf_ifs
2025-07-12,10,13.4,09:00-19:00,ecmwf_ifs
2025-07-13,9,14.4,08:00-10:00; 11:00-17:00; 19:00-20:00,ecmwf_ifs
2025-07-14,8,11.9,09:00-10:00; 11:00-16:00; 18:00-20:00,ecmwf_ifs
2025-07-15,13,8.5,07:00-19:00; 21:00-22:00,ecmwf_ifs
2025-07-16,8,2.8,09:00-16:00; 18:00-19:00,ecmwf_ifs
2025-07-17,7,3.3,09:00-10:00; 11:00-17:00,ecmwf_ifs
2025-07-18,8,0.8,03:00-04:00; 09:00-10:00; 11:00-14:00; 16:00-17:00; 18:00-20:00,ecmwf_ifs
2025-07-19,7,1.3,09:00-10:00; 11:00-14:00; 15:00-18:00,ecmwf_ifs
2025-07-20,16,4.4,07:00-19:00; 20:00-24:00,ecmwf_ifs
2025-07-21,24,11.9,00:00-24:00,ecmwf_ifs
2025-07-22,24,7.7,00:00-24:00,ecmwf_ifs
2025-07-23,22,7.6,00:00-17:00; 19:00-24:00,ecmwf_ifs
2025-07-24,21,6.1,00:00-06:00; 07:00-21:00; 23:00-24:00,ecmwf_ifs
2025-07-25,8,5.1,00:00-03:00; 19:00-24:00,ecmwf_ifs
2025-07-26,17,9.7,00:00-05:00; 06:00-07:00; 09:00-18:00; 19:00-21:00,ecmwf_ifs
2025-07-27,12,1.9,01:00-05:00; 06:00-07:00; 10:00-16:00; 17:00-18:00,ecmwf_ifs
2025-07-28,20,5.6,04:00-24:00,ecmwf_ifs
2025-07-29,24,11.4,00:00-24:00,ecmwf_ifs
2025-07-30,12,1.4,00:00-05:00; 07:00-08:00; 09:00-10:00; 11:00-12:00; 13:00-14:00; 21:00-24:00,ecmwf_ifs
2025-07-31,16,2.7,00:00-03:00; 05:00-06:00; 08:00-16:00; 17:00-19:00; 21:00-22:00; 23:00-24:00,ecmwf_ifs
2025-08-01,6,0.7,00:00-01:00; 11:00-15:00; 16:00-17:00,ecmwf_ifs
2025-08-02,6,0.8,04:00-05:00; 11:00-16:00,ecmwf_ifs
2025-08-03,0,0,,ecmwf_ifs
2025-08-04,5,1.3,10:00-15:00,ecmwf_ifs
2025-08-05,7,4.3,10:00-17:00,ecmwf_ifs
2025-08-06,12,5.7,08:00-10:00; 12:00-19:00; 20:00-23:00,ecmwf_ifs
2025-08-07,10,11.3,08:00-18:00,ecmwf_ifs
2025-08-08,8,18.3,09:00-17:00,ecmwf_ifs
2025-08-09,7,4.4,11:00-18:00,ecmwf_ifs
2025-08-10,9,1.9,09:00-18:00,ecmwf_ifs
2025-08-11,8,3.7,11:00-17:00; 18:00-20:00,ecmwf_ifs
2025-08-12,11,18.5,09:00-15:00; 17:00-22:00,ecmwf_ifs
2025-08-13,13,14.7,08:00-21:00,ecmwf_ifs
2025-08-14,11,27.3,09:00-20:00,ecmwf_ifs
2025-08-15,10,6.5,10:00-18:00; 20:00-22:00,ecmwf_ifs
2025-08-16,15,17.9,09:00-24:00,ecmwf_ifs
2025-08-17,18,24.8,00:00-01:00; 02:00-07:00; 09:00-10:00; 13:00-24:00,ecmwf_ifs
2025-08-18,5,1.2,00:00-03:00; 12:00-14:00,ecmwf_ifs
2025-08-19,14,5.3,08:00-22:00,ecmwf_ifs
2025-08-20,6,7.8,10:00-11:00; 12:00-17:00,ecmwf_ifs
2025-08-21,12,11.8,04:00-16:00,ecmwf_ifs
2025-08-22,7,0.7,00:00-01:00; 08:00-11:00; 12:00-14:00; 18:00-19:00,ecmwf_ifs
2025-08-23,8,8.2,09:00-17:00,ecmwf_ifs
2025-08-24,12,2.7,06:00-07:00; 09:00-10:00; 11:00-18:00; 20:00-23:00,ecmwf_ifs
2025-08-25,19,6.6,03:00-04:00; 06:00-24:00,ecmwf_ifs
2025-08-26,14,3.1,00:00-02:00; 05:00-15:00; 22:00-24:00,ecmwf_ifs
2025-08-27,5,0.5,00:00-01:00; 13:00-15:00; 16:00-18:00,ecmwf_ifs
2025-08-28,3,0.6,10:00-12:00; 13:00-14:00,ecmwf_ifs
2025-08-29,14,4.4,04:00-05:00; 09:00-17:00; 18:00-19:00; 20:00-24:00,ecmwf_ifs
2025-08-30,17,17.1,00:00-15:00; 16:00-18:00,ecmwf_ifs
2025-08-31,14,17.4,09:00-21:00; 22:00-24:00,ecmwf_ifs
2025-09-01,16,35.1,08:00-24:00,ecmwf_ifs
2025-09-02,18,21.1,00:00-02:00; 08:00-24:00,ecmwf_ifs
2025-09-03,10,15.2,00:00-01:00; 09:00-18:00,ecmwf_ifs
2025-09-04,10,17.5,09:00-17:00; 19:00-21:00,ecmwf_ifs
2025-09-05,9,7.8,11:00-15:00; 17:00-21:00; 23:00-24:00,ecmwf_ifs
2025-09-06,15,4.4,00:00-05:00; 10:00-18:00; 21:00-23:00,ecmwf_ifs
2025-09-07,23,11.7,01:00-24:00,ecmwf_ifs
2025-09-08,8,1.4,00:00-02:00; 10:00-11:00; 12:00-13:00; 17:00-21:00,ecmwf_ifs
2025-09-09,6,0.8,12:00-18:00,ecmwf_ifs
2025-09-10,6,22.2,10:00-16:00,ecmwf_ifs
2025-09-11,8,3.5,09:00-17:00,ecmwf_ifs
2025-09-12,8,3.7,09:00-15:00; 17:00-19:00,ecmwf_ifs
2025-09-13,6,1.5,11:00-17:00,ecmwf_ifs
2025-09-14,11,5.1,09:00-19:00; 20:00-21:00,ecmwf_ifs
2025-09-15,12,21.8,08:00-18:00; 22:00-24:00,ecmwf_ifs
2025-09-16,10,12.4,00:00-01:00; 09:00-15:00; 16:00-19:00,ecmwf_ifs
2025-09-17,14,14.5,08:00-22:00,ecmwf_ifs
2025-09-18,16,35.3,08:00-24:00,ecmwf_ifs
2025-09-19,13,5.1,00:00-05:00; 08:00-10:00; 11:00-16:00; 18:00-19:00,ecmwf_ifs
2025-09-20,5,2.4,12:00-17:00,ecmwf_ifs
2025-09-21,14,22.9,08:00-09:00; 10:00-18:00; 19:00-24:00,ecmwf_ifs
2025-09-22,16,22.5,00:00-05:00; 10:00-11:00; 12:00-17:00; 19:00-24:00,ecmwf_ifs
2025-09-23,11,12.5,00:00-10:00; 14:00-15:00,ecmwf_ifs
2025-09-24,15,1.6,05:00-14:00; 15:00-18:00; 21:00-24:00,ecmwf_ifs
2025-09-25,15,2.9,05:00-08:00; 09:00-20:00; 23:00-24:00,ecmwf_ifs
2025-09-26,15,38.4,00:00-07:00; 12:00-13:00; 16:00-18:00; 19:00-24:00,ecmwf_ifs
2025-09-27,12,9.7,00:00-03:00; 04:00-10:00; 16:00-19:00,ecmwf_ifs
2025-09-28,17,8.5,03:00-20:00,ecmwf_ifs
2025-09-29,16,5.3,00:00-02:00; 05:00-18:00; 19:00-20:00,ecmwf_ifs
2025-09-30,9,10.2,10:00-19:00,ecmwf_ifs
2025-10-01,10,3.2,08:00-18:00,ecmwf_ifs
2025-10-02,9,2,10:00-19:00,ecmwf_ifs
2025-10-03,10,2.1,12:00-22:00,ecmwf_ifs
2025-10-04,10,5.2,10:00-15:00; 19:00-24:00,ecmwf_ifs
2025-10-05,7,1.5,00:00-07:00,ecmwf_ifs
2025-10-06,2,0.4,13:00-15:00,ecmwf_ifs
2025-10-07,10,6.8,09:00-19:00,ecmwf_ifs
2025-10-08,8,3.3,07:00-08:00; 09:00-16:00,ecmwf_ifs
2025-10-09,13,10.6,01:00-06:00; 07:00-08:00; 09:00-11:00; 12:00-17:00,ecmwf_ifs
2025-10-10,9,8,10:00-18:00; 19:00-20:00,ecmwf_ifs
2025-10-11,10,7.3,09:00-17:00; 19:00-21:00,ecmwf_ifs
2025-10-12,9,11.9,08:00-17:00,ecmwf_ifs
2025-10-13,8,4.1,07:00-10:00; 11:00-16:00,ecmwf_ifs
2025-10-14,4,0.8,11:00-15:00,ecmwf_ifs
2025-10-15,4,2.4,10:00-14:00,ecmwf_ifs
2025-10-16,6,1.3,05:00-07:00; 09:00-13:00,ecmwf_ifs
2025-10-17,3,2.4,12:00-15:00,ecmwf_ifs
2025-10-18,6,2.4,08:00-14:00,ecmwf_ifs
2025-10-19,7,3.7,09:00-16:00,ecmwf_ifs
2025-10-20,7,6.7,08:00-11:00; 12:00-16:00,ecmwf_ifs
2025-10-21,8,13.2,09:00-17:00,ecmwf_ifs
2025-10-22,8,3.6,10:00-18:00,ecmwf_ifs
2025-10-23,8,2.7,10:00-18:00,ecmwf_ifs
2025-10-24,6,4.2,09:00-13:00; 22:00-24:00,ecmwf_ifs
2025-10-25,14,22.8,00:00-06:00; 07:00-15:00,ecmwf_ifs
2025-10-26,22,16.1,02:00-24:00,ecmwf_ifs
2025-10-27,17,57.6,00:00-01:00; 06:00-08:00; 09:00-13:00; 14:00-24:00,ecmwf_ifs
2025-10-28,16,14.3,00:00-04:00; 08:00-16:00; 17:00-21:00,ecmwf_ifs
2025-10-29,14,14.1,10:00-24:00,ecmwf_ifs
2025-10-30,16,7.3,00:00-02:00; 04:00-18:00,ecmwf_ifs
2025-10-31,7,15.1,09:00-13:00; 14:00-17:00,ecmwf_ifs
2025-11-01,16,28.8,04:00-07:00; 08:00-09:00; 10:00-21:00; 22:00-23:00,ecmwf_ifs
2025-11-02,10,14.1,01:00-02:00; 07:00-08:00; 09:00-16:00; 17:00-18:00,ecmwf_ifs
2025-11-03,10,8.8,07:00-17:00,ecmwf_ifs
2025-11-04,9,8.6,08:00-17:00,ecmwf_ifs
2025-11-05,10,3.2,07:00-17:00,ecmwf_ifs
2025-11-06,18,69.5,06:00-24:00,ecmwf_ifs
2025-11-07,16,6.6,00:00-05:00; 07:00-18:00,ecmwf_ifs
2025-11-08,4,4.2,12:00-16:00,ecmwf_ifs
2025-11-09,6,1,08:00-09:00; 12:00-16:00; 17:00-18:00,ecmwf_ifs
2025-11-10,7,2,10:00-17:00,ecmwf_ifs
2025-11-11,10,2,03:00-06:00; 07:00-08:00; 10:00-16:00,ecmwf_ifs
2025-11-12,8,1.3,07:00-09:00; 10:00-16:00,ecmwf_ifs
2025-11-13,3,1.5,11:00-14:00,ecmwf_ifs
2025-11-14,0,0,,ecmwf_ifs
2025-11-15,3,1.7,21:00-24:00,ecmwf_ifs
2025-11-16,19,25.4,03:00-17:00; 19:00-24:00,ecmwf_ifs
2025-11-17,20,15.1,00:00-11:00; 13:00-18:00; 19:00-21:00; 22:00-24:00,ecmwf_ifs
2025-11-18,15,6.9,00:00-04:00; 08:00-16:00; 19:00-21:00; 23:00-24:00,ecmwf_ifs
2025-11-19,23,50.6,00:00-04:00; 05:00-24:00,ecmwf_ifs
2025-11-20,23,22.6,00:00-12:00; 13:00-24:00,ecmwf_ifs
2025-11-21,15,14.7,00:00-12:00; 13:00-16:00,ecmwf_ifs
2025-11-22,13,6.2,02:00-07:00; 08:00-11:00; 19:00-24:00,ecmwf_ifs
2025-11-23,4,0.7,12:00-16:00,ecmwf_ifs
2025-11-24,0,0,,ecmwf_ifs
2025-11-25,0,0,,ecmwf_ifs
2025-11-26,0,0,,ecmwf_ifs
2025-11-27,0,0,,ecmwf_ifs
2025-11-28,4,1.8,11:00-15:00,ecmwf_ifs
2025-11-29,12,7.7,07:00-19:00,ecmwf_ifs
2025-11-30,11,5.4,09:00-20:00,ecmwf_ifs
2025-12-01,5,13.9,08:00-09:00; 11:00-15:00,ecmwf_ifs
2025-12-02,10,18,07:00-17:00,ecmwf_ifs
2025-12-03,16,9.5,08:00-24:00,ecmwf_ifs
2025-12-04,5,2,00:00-05:00,ecmwf_ifs
2025-12-05,0,0,,ecmwf_ifs
2025-12-06,0,0,,ecmwf_ifs
2025-12-07,0,0,,ecmwf_ifs
2025-12-08,0,0,,ecmwf_ifs
2025-12-09,6,0.7,15:00-21:00,ecmwf_ifs
2025-12-10,12,4.5,05:00-17:00,ecmwf_ifs
2025-12-11,0,0,,ecmwf_ifs
2025-12-12,0,0,,ecmwf_ifs
2025-12-13,0,0,,ecmwf_ifs
2025-12-14,0,0,,ecmwf_ifs
2025-12-15,0,0,,ecmwf_ifs
2025-12-16,0,0,,ecmwf_ifs
2025-12-17,4,0.9,11:00-15:00,ecmwf_ifs
2025-12-18,0,0,,ecmwf_ifs
2025-12-19,6,1.5,11:00-17:00,ecmwf_ifs
2025-12-20,7,2.5,10:00-17:00,ecmwf_ifs
2025-12-21,2,0.2,11:00-13:00,ecmwf_ifs
2025-12-22,1,0.1,12:00-13:00,ecmwf_ifs
2025-12-23,1,0.1,12:00-13:00,ecmwf_ifs
2025-12-24,2,0.2,12:00-14:00,ecmwf_ifs
2025-12-25,4,0.7,09:00-12:00; 13:00-14:00,ecmwf_ifs
2025-12-26,0,0,,ecmwf_ifs
2025-12-27,4,1.1,12:00-16:00,ecmwf_ifs
2025-12-28,2,0.5,13:00-15:00,ecmwf_ifs
2025-12-29,0,0,,ecmwf_ifs
2025-12-30,0,0,,ecmwf_ifs
2025-12-31,0,0,,ecmwf_ifs
2026-01-01,0,0,,ecmwf_ifs
2026-01-02,0,0,,ecmwf_ifs
2026-01-03,0,0,,ecmwf_ifs
2026-01-04,0,0,,ecmwf_ifs
2026-01-05,2,0.2,13:00-14:00; 15:00-16:00,ecmwf_ifs
2026-01-06,0,0,,ecmwf_ifs
2026-01-07,0,0,,ecmwf_ifs
2026-01-08,0,0,,ecmwf_ifs
2026-01-09,0,0,,ecmwf_ifs
2026-01-10,0,0,,ecmwf_ifs
2026-01-11,1,0.1,15:00-16:00,ecmwf_ifs
2026-01-12,1,0.1,14:00-15:00,ecmwf_ifs
2026-01-13,5,5.2,12:00-17:00,ecmwf_ifs
2026-01-14,2,0.2,12:00-14:00,ecmwf_ifs
2026-01-15,4,3.2,14:00-18:00,ecmwf_ifs
2026-01-16,0,0,,ecmwf_ifs
2026-01-17,6,2.4,13:00-19:00,ecmwf_ifs
2026-01-18,2,0.7,16:00-18:00,ecmwf_ifs
2026-01-19,0,0,,ecmwf_ifs
2026-01-20,0,0,,ecmwf_ifs
2026-01-21,0,0,,ecmwf_ifs
2026-01-22,2,0.2,13:00-15:00,ecmwf_ifs
2026-01-23,0,0,,ecmwf_ifs
2026-01-24,4,0.9,14:00-18:00,ecmwf_ifs
2026-01-25,0,0,,ecmwf_ifs
2026-01-26,0,0,,ecmwf_ifs
2026-01-27,0,0,,ecmwf_ifs
2026-01-28,0,0,,ecmwf_ifs
2026-01-29,0,0,,ecmwf_ifs
2026-01-30,0,0,,ecmwf_ifs
2026-01-31,0,0,,ecmwf_ifs
2026-02-01,0,0,,ecmwf_ifs
2026-02-02,0,0,,ecmwf_ifs
2026-02-03,0,0,,ecmwf_ifs
2026-02-04,5,1,12:00-13:00; 14:00-18:00,ecmwf_ifs
2026-02-05,2,0.7,12:00-14:00,ecmwf_ifs
2026-02-06,3,1.1,15:00-18:00,ecmwf_ifs
2026-02-07,4,1.7,14:00-18:00,ecmwf_ifs
2026-02-08,0,0,,ecmwf_ifs
2026-02-09,0,0,,ecmwf_ifs
2026-02-10,1,0.1,12:00-13:00,ecmwf_ifs
2026-02-11,5,0.5,06:00-07:00; 08:00-09:00; 12:00-13:00; 14:00-16:00,ecmwf_ifs
2026-02-12,3,0.8,13:00-16:00,ecmwf_ifs
2026-02-13,0,0,,ecmwf_ifs
2026-02-14,0,0,,ecmwf_ifs
2026-02-15,0,0,,ecmwf_ifs
2026-02-16,0,0,,ecmwf_ifs
2026-02-17,0,0,,ecmwf_ifs
2026-02-18,0,0,,ecmwf_ifs
2026-02-19,0,0,,ecmwf_ifs
2026-02-20,0,0,,ecmwf_ifs
2026-02-21,0,0,,ecmwf_ifs
2026-02-22,6,2.6,12:00-18:00,ecmwf_ifs
2026-02-23,3,0.8,14:00-17:00,ecmwf_ifs
2026-02-24,0,0,,ecmwf_ifs
2026-02-25,0,0,,ecmwf_ifs
2026-02-26,8,2.4,09:00-17:00,ecmwf_ifs
2026-02-27,15,11.1,02:00-06:00; 07:00-16:00; 17:00-19:00,ecmwf_ifs
2026-02-28,9,3.3,11:00-20:00,ecmwf_ifs
2026-03-01,3,0.6,14:00-17:00,ecmwf_ifs
2026-03-02,3,0.6,14:00-17:00,ecmwf_ifs
2026-03-03,6,1.4,11:00-17:00,ecmwf_ifs
2026-03-04,6,2.1,10:00-16:00,ecmwf_ifs
2026-03-05,6,11.5,12:00-16:00; 17:00-19:00,ecmwf_ifs
2026-03-06,6,0.7,10:00-16:00,ecmwf_ifs
2026-03-07,0,0,,ecmwf_ifs
2026-03-08,2,0.7,16:00-18:00,ecmwf_ifs
2026-03-09,7,2.2,10:00-17:00,ecmwf_ifs
2026-03-10,0,0,,ecmwf_ifs
2026-03-11,0,0,,ecmwf_ifs
2026-03-12,1,0.1,15:00-16:00,ecmwf_ifs
2026-03-13,3,0.9,12:00-15:00,ecmwf_ifs
2026-03-14,5,2.4,11:00-16:00,ecmwf_ifs
2026-03-15,8,3.7,09:00-17:00,ecmwf_ifs
2026-03-16,7,2.4,11:00-18:00,ecmwf_ifs
2026-03-17,0,0,,ecmwf_ifs
2026-03-18,6,1.2,12:00-18:00,ecmwf_ifs
2026-03-19,5,1.1,13:00-18:00,ecmwf_ifs
2026-03-20,3,0.9,13:00-16:00,ecmwf_ifs
2026-03-21,0,0,,ecmwf_ifs
2026-03-22,0,0,,ecmwf_ifs
2026-03-23,0,0,,ecmwf_ifs
2026-03-24,0,0,,ecmwf_ifs
2026-03-25,0,0,,ecmwf_ifs
2026-03-26,0,0,,ecmwf_ifs
2026-03-27,0,0,,ecmwf_ifs
2026-03-28,0,0,,ecmwf_ifs
2026-03-29,0,0,,ecmwf_ifs
2026-03-30,0,0,,ecmwf_ifs
2026-03-31,0,0,,ecmwf_ifs
2026-04-01,0,0,,ecmwf_ifs
2026-04-02,0,0,,ecmwf_ifs
2026-04-03,0,0,,ecmwf_ifs
2026-04-04,0,0,,ecmwf_ifs
2026-04-05,4,0.6,12:00-16:00,ecmwf_ifs
2026-04-06,3,0.5,14:00-17:00,ecmwf_ifs
2026-04-07,0,0,,ecmwf_ifs
2026-04-08,1,0.1,16:00-17:00,ecmwf_ifs
2026-04-09,0,0,,ecmwf_ifs
2026-04-10,5,1.4,11:00-16:00,ecmwf_ifs
2026-04-11,6,3,11:00-17:00,ecmwf_ifs
2026-04-12,5,2,11:00-16:00,ecmwf_ifs
2026-04-13,7,2,09:00-16:00,ecmwf_ifs
2026-04-14,4,1,10:00-14:00,ecmwf_ifs
2026-04-15,8,4.4,09:00-17:00,ecmwf_ifs
2026-04-16,6,5.5,11:00-17:00,ecmwf_ifs
2026-04-17,4,1.4,12:00-16:00,ecmwf_ifs
2026-04-18,6,2.3,11:00-17:00,ecmwf_ifs
2026-04-19,4,2.5,12:00-16:00,ecmwf_ifs
2026-04-20,7,1.3,10:00-17:00,ecmwf_ifs
2026-04-21,5,0.5,12:00-17:00,ecmwf_ifs
2026-04-22,5,1.5,11:00-16:00,ecmwf_ifs
2026-04-23,6,10.8,10:00-14:00; 15:00-17:00,ecmwf_ifs
2026-04-24,7,2.3,10:00-17:00,ecmwf_ifs
2026-04-25,8,5.1,10:00-18:00,ecmwf_ifs
2026-04-26,0,0,,ecmwf_ifs
2026-04-27,6,0.7,10:00-16:00,ecmwf_ifs
2026-04-28,11,24.4,01:00-03:00; 08:00-17:00,ecmwf_ifs
2026-04-29,8,8.5,08:00-16:00,ecmwf_ifs
2026-04-30,5,2.1,11:00-16:00,ecmwf_ifs
2026-05-01,7,3.6,09:00-16:00,ecmwf_ifs
2026-05-02,9,10,09:00-18:00,ecmwf_ifs
2026-05-03,6,1.7,10:00-16:00,ecmwf_ifs
2026-05-04,5,0.6,11:00-16:00,ecmwf_ifs
2026-05-05,7,13.8,10:00-17:00,ecmwf_ifs
2026-05-06,8,14.6,07:00-08:00; 09:00-16:00,ecmwf_ifs
2026-05-07,0,0,,ecmwf_ifs
2026-05-08,0,0,,ecmwf_ifs
2026-05-09,0,0,,ecmwf_ifs
2026-05-10,0,0,,ecmwf_ifs
2026-05-11,7,1.7,09:00-16:00,ecmwf_ifs
2026-05-12,7,1.7,10:00-17:00,ecmwf_ifs
2026-05-13,9,8.7,09:00-18:00,ecmwf_ifs
2026-05-14,7,1.2,09:00-16:00,ecmwf_ifs
2026-05-15,8,4.3,09:00-17:00,ecmwf_ifs
2026-05-16,7,2.5,00:00-01:00; 02:00-05:00; 14:00-17:00,ecmwf_ifs
2026-05-17,13,26.4,09:00-22:00,ecmwf_ifs
2026-05-18,9,10.9,03:00-04:00; 13:00-21:00,ecmwf_ifs
2026-05-19,12,9.6,07:00-19:00,ecmwf_ifs
2026-05-20,13,6.9,06:00-19:00,ecmwf_ifs
2026-05-21,10,7.1,07:00-17:00,ecmwf_ifs
2026-05-22,8,2.8,10:00-18:00,ecmwf_ifs
2026-05-23,8,6.2,10:00-18:00,ecmwf_ifs
2026-05-24,7,3.1,08:00-09:00; 11:00-17:00,ecmwf_ifs
2026-05-25,8,15.7,08:00-16:00,ecmwf_ifs
2026-05-26,11,7,08:00-19:00,ecmwf_ifs
2026-05-27,8,9.6,09:00-17:00,ecmwf_ifs
2026-05-28,6,1.5,08:00-14:00,ecmwf_ifs
2026-05-29,12,4.8,00:00-01:00; 08:00-19:00,ecmwf_ifs
2026-05-30,15,8.3,00:00-02:00; 08:00-19:00; 22:00-24:00,ecmwf_ifs
2026-05-31,24,29.3,00:00-24:00,ecmwf_ifs
2026-06-01,21,30.2,00:00-06:00; 07:00-08:00; 09:00-23:00,ecmwf_ifs
2026-06-02,16,21.6,00:00-01:00; 09:00-24:00,ecmwf_ifs
2026-06-03,11,6.9,00:00-01:00; 04:00-05:00; 13:00-17:00; 19:00-24:00,ecmwf_ifs
2026-06-04,19,5.6,00:00-04:00; 06:00-09:00; 10:00-20:00; 22:00-24:00,ecmwf_ifs
2026-06-05,16,6.2,00:00-16:00,ecmwf_ifs
2026-06-06,5,0.8,01:00-02:00; 10:00-13:00; 18:00-19:00,ecmwf_ifs
2026-06-07,4,0.4,11:00-15:00,ecmwf_ifs
2026-06-08,5,2.5,13:00-18:00,ecmwf_ifs
2026-06-09,8,2,08:00-16:00,ecmwf_ifs
2026-06-10,7,2.8,10:00-17:00,ecmwf_ifs
2026-06-11,10,14.4,09:00-19:00,ecmwf_ifs
2026-06-12,8,11.7,10:00-18:00,ecmwf_ifs
2026-06-13,9,5.1,09:00-18:00,ecmwf_ifs
2026-06-14,9,3.9,08:00-10:00; 11:00-18:00,ecmwf_ifs
2026-06-15,5,3.5,11:00-16:00,ecmwf_ifs
2026-06-16,9,5.9,10:00-18:00; 21:00-22:00,ecmwf_ifs
2026-06-17,10,6,09:00-19:00,ecmwf_ifs
2026-06-18,8,4,12:00-17:00; 20:00-23:00,ecmwf_ifs
2026-06-19,2,0.2,11:00-12:00; 15:00-16:00,ecmwf_ifs
2026-06-20,7,6,10:00-15:00; 16:00-18:00,ecmwf_ifs
2026-06-21,9,5.2,09:00-18:00,ecmwf_ifs
2026-06-22,9,6.9,10:00-18:00; 19:00-20:00,ecmwf_ifs
2026-06-23,8,5.1,09:00-17:00,ecmwf_ifs
2026-06-24,8,5.8,10:00-17:00; 21:00-22:00,ecmwf_ifs
2026-06-25,7,3.4,09:00-12:00; 13:00-17:00,ecmwf_ifs
2026-06-26,4,3.2,11:00-15:00,ecmwf_ifs
2026-06-27,9,5.1,08:00-17:00,ecmwf_ifs
2026-06-28,11,6.1,09:00-20:00,ecmwf_ifs
2026-06-29,11,22.3,07:00-18:00,ecmwf_ifs
2026-06-30,8,3.6,01:00-03:00; 12:00-18:00,ecmwf_ifs
2026-07-01,11,5.2,06:00-07:00; 08:00-14:00; 15:00-19:00,ecmwf_ifs
2026-07-02,17,7.3,03:00-05:00; 07:00-21:00; 23:00-24:00,ecmwf_ifs
2026-07-03,19,8.3,00:00-16:00; 21:00-24:00,ecmwf_ifs
2026-07-04,8,1.1,00:00-04:00; 06:00-08:00; 13:00-15:00,ecmwf_ifs
2026-07-05,4,0.4,11:00-12:00; 13:00-16:00,ecmwf_ifs
2026-07-06,7,7.7,10:00-17:00,ecmwf_ifs
2026-07-07,7,3.3,10:00-17:00,ecmwf_ifs
2026-07-08,1,0.1,04:00-05:00,ecmwf_ifs
2026-07-09,2,0.2,14:00-16:00,ecmwf_ifs
2026-07-10,15,2.4,02:00-05:00; 06:00-18:00,ecmwf_ifs
2026-07-11,17,5.3,03:00-05:00; 06:00-15:00; 17:00-18:00; 19:00-24:00,ecmwf_ifs
2026-07-12,23,16.7,00:00-17:00; 18:00-24:00,ecmwf_ifs
2026-07-13,16,8.6,00:00-04:00; 06:00-18:00,ecmwf_ifs
2026-07-14,11,4.3,06:00-16:00; 17:00-18:00,ecmwf_ifs
2026-07-15,9,2.9,09:00-14:00; 20:00-24:00,ecmwf_ifs
2026-07-16,3,0.7,00:00-01:00; 13:00-15:00,ecmwf_ifs
2026-07-17,1,0.4,14:00-15:00,ecmwf_ifs
2026-07-18,4,0.4,14:00-17:00; 19:00-20:00,ecmwf_ifs
2026-07-19,1,0.2,11:00-12:00,ecmwf_ifs
2026-07-20,0,0,,ecmwf_ifs
2026-07-21,2,0.2,15:00-17:00,ecmwf_ifs
2026-07-22,10,10.4,09:00-18:00; 19:00-20:00,ecmwf_ifs
2026-07-23,8,5.9,10:00-17:00; 18:00-19:00,ecmwf_ifs
2026-07-24,10,10.4,00:00-02:00; 11:00-19:00,ecmwf_ifs
2026-07-25,10,10.2,09:00-19:00,ecmwf_ifs
2026-07-26,7,4.8,12:00-17:00; 19:00-21:00,ecmwf_ifs
2026-07-27,13,16.8,07:00-08:00; 11:00-20:00; 21:00-24:00,ecmwf_ifs
2026-07-28,16,9.7,00:00-01:00; 02:00-03:00; 05:00-06:00; 07:00-08:00; 10:00-19:00; 21:00-24:00,ecmwf_ifs
2026-07-29,14,11,00:00-03:00; 09:00-20:00,ecmwf_ifs
2026-07-30,14,8.3,10:00-24:00,ecmwf_ifs
2026-07-31,17,4,00:00-01:00; 02:00-17:00; 19:00-20:00,ecmwf_ifs
2026-08-01,7,8.6,11:00-18:00,ecmwf_ifs
2026-08-02,7,2.1,01:00-05:00; 15:00-18:00,ecmwf_ifs
2026-08-03,5,3.7,11:00-13:00; 14:00-17:00,ecmwf_ifs
2026-08-04,5,1.8,10:00-15:00,ecmwf_ifs
2026-08-05,12,3.6,00:00-03:00; 09:00-18:00,ecmwf_ifs
2026-08-06,15,4.9,03:00-04:00; 07:00-08:00; 09:00-17:00; 19:00-24:00,ecmwf_ifs
2026-08-07,12,1.8,00:00-02:00; 08:00-16:00; 17:00-18:00; 19:00-20:00,ecmwf_ifs
2026-08-08,3,0.4,11:00-14:00,ecmwf_ifs
2026-08-09,21,6.1,00:00-19:00; 22:00-24:00,ecmwf_ifs
2026-08-10,23,6.2,01:00-24:00,ecmwf_ifs
2026-08-11,18,2,00:00-06:00; 07:00-09:00; 12:00-15:00; 16:00-19:00; 20:00-24:00,ecmwf_ifs
2026-08-12,20,2.8,02:00-18:00; 19:00-23:00,ecmwf_ifs
2026-08-13,8,0.9,00:00-01:00; 08:00-09:00; 12:00-16:00; 21:00-23:00,ecmwf_ifs
2026-08-14,15,3.1,00:00-01:00; 05:00-11:00; 12:00-15:00; 17:00-18:00; 19:00-21:00; 22:00-24:00,ecmwf_ifs
2026-08-15,17,5.5,00:00-17:00,ecmwf_ifs
2026-08-16,9,1.7,09:00-17:00; 19:00-20:00,ecmwf_ifs
2026-08-17,22,5.4,00:00-18:00; 19:00-21:00; 22:00-24:00,ecmwf_ifs
2026-08-18,15,6.7,00:00-03:00; 09:00-17:00; 18:00-22:00,ecmwf_ifs
2026-08-19,18,9.6,03:00-05:00; 08:00-24:00,ecmwf_ifs
2026-08-20,24,15,00:00-24:00,ecmwf_ifs
2026-08-21,19,6.3,00:00-16:00; 21:00-24:00,ecmwf_ifs
2026-08-22,12,1.6,00:00-04:00; 06:00-07:00; 09:00-10:00; 13:00-16:00; 21:00-24:00,ecmwf_ifs
2026-08-23,13,2,01:00-04:00; 10:00-16:00; 20:00-24:00,ecmwf_ifs
2026-08-24,24,5.1,00:00-24:00,ecmwf_ifs
2026-08-25,9,1.3,01:00-07:00; 20:00-22:00; 23:00-24:00,ecmwf_ifs
2026-08-26,22,3.1,00:00-16:00; 18:00-24:00,ecmwf_ifs
2026-08-27,20,3.9,00:00-01:00; 02:00-11:00; 12:00-18:00; 19:00-20:00; 21:00-24:00,ecmwf_ifs
2026-08-28,23,5.1,00:00-06:00; 07:00-24:00,ecmwf_ifs
2026-08-29,19,5.9,00:00-03:00; 06:00-22:00,ecmwf_ifs
2026-08-30,14,4.1,04:00-05:00; 10:00-17:00; 18:00-24:00,ecmwf_ifs
2026-08-31,24,7.9,00:00-24:00,ecmwf_ifs
2026-09-01,16,3.1,00:00-05:00; 07:00-18:00,ecmwf_ifs
2026-09-02,7,1.1,09:00-16:00,ecmwf_ifs
2026-09-03,18,4.1,01:00-18:00; 19:00-20:00,ecmwf_ifs
2026-09-04,16,3,01:00-05:00; 08:00-15:00; 19:00-24:00,ecmwf_ifs
2026-09-05,12,3.4,04:00-06:00; 07:00-09:00; 11:00-13:00; 14:00-15:00; 19:00-24:00,ecmwf_ifs
2026-09-06,14,1.9,00:00-03:00; 04:00-05:00; 07:00-13:00; 14:00-15:00; 17:00-18:00; 22:00-24:00,ecmwf_ifs
2026-09-07,9,2.3,09:00-18:00,ecmwf_ifs
2026-09-08,16,2.8,01:00-05:00; 07:00-16:00; 20:00-21:00; 22:00-24:00,ecmwf_ifs
2026-09-09,19,9.9,00:00-02:00; 05:00-06:00; 07:00-15:00; 16:00-24:00,ecmwf_ifs
2026-09-10,14,36.7,00:00-01:00; 11:00-24:00,ecmwf_ifs
2026-09-11,24,18.1,00:00-24:00,ecmwf_ifs
2026-09-12,18,16.2,00:00-05:00; 11:00-24:00,ecmwf_ifs
2026-09-13,14,3.5,00:00-04:00; 07:00-16:00; 19:00-20:00,ecmwf_ifs
2026-09-14,8,3.6,10:00-18:00,ecmwf_ifs
2026-09-15,10,27.4,09:00-19:00,ecmwf_ifs
2026-09-16,8,20.3,10:00-18:00,ecmwf_ifs
2026-09-17,14,13.9,02:00-05:00; 09:00-18:00; 21:00-23:00,ecmwf_ifs
2026-09-18,11,5.9,10:00-18:00; 19:00-21:00; 22:00-23:00,ecmwf_ifs
2026-09-19,12,30.4,03:00-04:00; 07:00-18:00,ecmwf_ifs
2026-09-20,15,13.8,04:00-05:00; 09:00-10:00; 11:00-24:00,ecmwf_ifs
2026-09-21,16,29.8,01:00-04:00; 09:00-21:00; 23:00-24:00,ecmwf_ifs
2026-09-22,22,10.6,00:00-01:00; 02:00-08:00; 09:00-24:00,ecmwf_ifs
2026-09-23,24,22.2,00:00-24:00,ecmwf_ifs
2026-09-24,24,26,00:00-24:00,ecmwf_ifs
2026-09-25,14,12.2,00:00-04:00; 11:00-21:00,ecmwf_ifs
2026-09-26,15,5.9,00:00-05:00; 11:00-21:00,ecmwf_ifs
2026-09-27,9,4.8,12:00-21:00,ecmwf_ifs
2026-09-28,12,6.6,10:00-19:00; 20:00-21:00; 22:00-24:00,ecmwf_ifs
2026-09-29,10,5.9,00:00-01:00; 09:00-18:00,ecmwf_ifs
2026-09-30,5,5.7,12:00-17:00,ecmwf_ifs
2026-10-01,7,6.3,10:00-17:00,ecmwf_ifs
2026-10-02,10,5.5,10:00-20:00,ecmwf_ifs
2026-10-03,7,4.9,10:00-17:00,ecmwf_ifs
